feature,lon,lat,mp,anchor,source
Gulf Run Pipeline (42-in mainline),-93.48147,32.19764,0.0,MP 0.0 pig launcher inside Westdale Compressor Station (absolute anchor: EPA FRS 110063950087 lat 32.19764 lon -93.48147),"FERC CP20-70 accession 20200228-5231, Resource Report 1 Fig. 1.A-1 USGS topo route maps, page 1 of 48; RR1 text"
Gulf Run Pipeline (42-in mainline),-93.481906,32.197625,0.03,route vertex at ~MP 0.0,"FERC CP20-70 accession 20200228-5231, Resource Report 1 Fig. 1.A-1 USGS topo route maps, page 1 of 48"
Gulf Run Pipeline (42-in mainline),-93.481866,32.196154,0.13,route vertex at ~MP 0.1,"FERC CP20-70 accession 20200228-5231, Resource Report 1 Fig. 1.A-1 USGS topo route maps, page 1 of 48"
Gulf Run Pipeline (42-in mainline),-93.480599,32.188817,0.65,route vertex at ~MP 0.6,"FERC CP20-70 accession 20200228-5231, Resource Report 1 Fig. 1.A-1 USGS topo route maps, page 1 of 48"
Gulf Run Pipeline (42-in mainline),-93.480612,32.182122,1.11,route vertex at ~MP 1.1,"FERC CP20-70 accession 20200228-5231, Resource Report 1 Fig. 1.A-1 USGS topo route maps, page 1 of 48"
Gulf Run Pipeline (42-in mainline),-93.48124,32.181597,1.16,route vertex at ~MP 1.2,"FERC CP20-70 accession 20200228-5231, Resource Report 1 Fig. 1.A-1 USGS topo route maps, page 1 of 48"
Gulf Run Pipeline (42-in mainline),-93.481108,32.165663,2.25,route vertex at ~MP 2.3,"FERC CP20-70 accession 20200228-5231, Resource Report 1 Fig. 1.A-1 USGS topo route maps, page 1 of 48"
Gulf Run Pipeline (42-in mainline),-93.481846,32.164657,2.34,route vertex at ~MP 2.3,"FERC CP20-70 accession 20200228-5231, Resource Report 1 Fig. 1.A-1 USGS topo route maps, page 1 of 48"
Gulf Run Pipeline (42-in mainline),-93.481856,32.163557,2.41,route vertex at ~MP 2.4,"FERC CP20-70 accession 20200228-5231, Resource Report 1 Fig. 1.A-1 USGS topo route maps, page 1 of 48"
Gulf Run Pipeline (42-in mainline),-93.481124,32.162542,2.5,route vertex at ~MP 2.5,"FERC CP20-70 accession 20200228-5231, Resource Report 1 Fig. 1.A-1 USGS topo route maps, page 1 of 48"
Gulf Run Pipeline (42-in mainline),-93.481092,32.15949,2.71,route vertex at ~MP 2.7,"FERC CP20-70 accession 20200228-5231, Resource Report 1 Fig. 1.A-1 USGS topo route maps, page 1 of 48"
Gulf Run Pipeline (42-in mainline),-93.480572,32.159052,2.75,route vertex at ~MP 2.7,"FERC CP20-70 accession 20200228-5231, Resource Report 1 Fig. 1.A-1 USGS topo route maps, page 1 of 48"
Gulf Run Pipeline (42-in mainline),-93.48058,32.13942,4.1,route vertex at ~MP 4.1,"FERC CP20-70 accession 20200228-5231, Resource Report 1 Fig. 1.A-1 USGS topo route maps, page 2 of 48"
Gulf Run Pipeline (42-in mainline),-93.481593,32.138508,4.19,route vertex at ~MP 4.2,"FERC CP20-70 accession 20200228-5231, Resource Report 1 Fig. 1.A-1 USGS topo route maps, page 2 of 48"
Gulf Run Pipeline (42-in mainline),-93.482267,32.134533,4.47,route vertex at ~MP 4.5,"FERC CP20-70 accession 20200228-5231, Resource Report 1 Fig. 1.A-1 USGS topo route maps, page 2 of 48"
Gulf Run Pipeline (42-in mainline),-93.484955,32.13246,4.68,route vertex at ~MP 4.7,"FERC CP20-70 accession 20200228-5231, Resource Report 1 Fig. 1.A-1 USGS topo route maps, page 2 of 48"
Gulf Run Pipeline (42-in mainline),-93.485603,32.129749,4.87,route vertex at ~MP 4.9,"FERC CP20-70 accession 20200228-5231, Resource Report 1 Fig. 1.A-1 USGS topo route maps, page 2 of 48"
Gulf Run Pipeline (42-in mainline),-93.485677,32.125501,5.16,route vertex at ~MP 5.2,"FERC CP20-70 accession 20200228-5231, Resource Report 1 Fig. 1.A-1 USGS topo route maps, page 2 of 48"
Gulf Run Pipeline (42-in mainline),-93.486929,32.123901,5.29,route vertex at ~MP 5.3,"FERC CP20-70 accession 20200228-5231, Resource Report 1 Fig. 1.A-1 USGS topo route maps, page 2 of 48"
Gulf Run Pipeline (42-in mainline),-93.488525,32.120197,5.57,route vertex at ~MP 5.6,"FERC CP20-70 accession 20200228-5231, Resource Report 1 Fig. 1.A-1 USGS topo route maps, page 2 of 48"
Gulf Run Pipeline (42-in mainline),-93.487995,32.117848,5.73,route vertex at ~MP 5.7,"FERC CP20-70 accession 20200228-5231, Resource Report 1 Fig. 1.A-1 USGS topo route maps, page 2 of 48"
Gulf Run Pipeline (42-in mainline),-93.488926,32.116648,5.83,route vertex at ~MP 5.8,"FERC CP20-70 accession 20200228-5231, Resource Report 1 Fig. 1.A-1 USGS topo route maps, page 2 of 48"
Gulf Run Pipeline (42-in mainline),-93.489322,32.115107,5.94,route vertex at ~MP 5.9,"FERC CP20-70 accession 20200228-5231, Resource Report 1 Fig. 1.A-1 USGS topo route maps, page 2 of 48"
Gulf Run Pipeline (42-in mainline),-93.48932,32.111807,6.17,route vertex at ~MP 6.2,"FERC CP20-70 accession 20200228-5231, Resource Report 1 Fig. 1.A-1 USGS topo route maps, page 2 of 48"
Gulf Run Pipeline (42-in mainline),-93.489867,32.111351,6.21,route vertex at ~MP 6.2,"FERC CP20-70 accession 20200228-5231, Resource Report 1 Fig. 1.A-1 USGS topo route maps, page 2 of 48"
Gulf Run Pipeline (42-in mainline),-93.489718,32.107047,6.51,route vertex at ~MP 6.5,"FERC CP20-70 accession 20200228-5231, Resource Report 1 Fig. 1.A-1 USGS topo route maps, page 2 of 48"
Gulf Run Pipeline (42-in mainline),-93.489231,32.10665,6.55,route vertex at ~MP 6.6,"FERC CP20-70 accession 20200228-5231, Resource Report 1 Fig. 1.A-1 USGS topo route maps, page 2 of 48"
Gulf Run Pipeline (42-in mainline),-93.489102,32.09447,7.39,route vertex at ~MP 7.4,"FERC CP20-70 accession 20200228-5231, Resource Report 1 Fig. 1.A-1 USGS topo route maps, page 3 of 48"
Gulf Run Pipeline (42-in mainline),-93.485515,32.091156,7.7,route vertex at ~MP 7.7,"FERC CP20-70 accession 20200228-5231, Resource Report 1 Fig. 1.A-1 USGS topo route maps, page 3 of 48"
Gulf Run Pipeline (42-in mainline),-93.481014,32.089149,8.0,"Grand Bayou HDD crossing (EA Table B-5, MP 8.0)","FERC CP20-70 accession 20200228-5231, Resource Report 1 Fig. 1.A-1 USGS topo route maps, page 3 of 48; EA CP20-68/-70 (Oct 2020)"
Gulf Run Pipeline (42-in mainline),-93.473471,32.085785,8.5,route vertex at ~MP 8.5,"FERC CP20-70 accession 20200228-5231, Resource Report 1 Fig. 1.A-1 USGS topo route maps, page 3 of 48"
Gulf Run Pipeline (42-in mainline),-93.47167,32.084018,8.66,route vertex at ~MP 8.7,"FERC CP20-70 accession 20200228-5231, Resource Report 1 Fig. 1.A-1 USGS topo route maps, page 3 of 48"
Gulf Run Pipeline (42-in mainline),-93.468334,32.079068,9.05,route vertex at ~MP 9.1,"FERC CP20-70 accession 20200228-5231, Resource Report 1 Fig. 1.A-1 USGS topo route maps, page 3 of 48"
Gulf Run Pipeline (42-in mainline),-93.467426,32.078315,9.13,route vertex at ~MP 9.1,"FERC CP20-70 accession 20200228-5231, Resource Report 1 Fig. 1.A-1 USGS topo route maps, page 3 of 48"
Gulf Run Pipeline (42-in mainline),-93.467439,32.077737,9.17,route vertex at ~MP 9.2,"FERC CP20-70 accession 20200228-5231, Resource Report 1 Fig. 1.A-1 USGS topo route maps, page 3 of 48"
Gulf Run Pipeline (42-in mainline),-93.463854,32.074588,9.47,route vertex at ~MP 9.5,"FERC CP20-70 accession 20200228-5231, Resource Report 1 Fig. 1.A-1 USGS topo route maps, page 3 of 48"
Gulf Run Pipeline (42-in mainline),-93.463575,32.049134,11.22,route vertex at ~MP 11.2,"FERC CP20-70 accession 20200228-5231, Resource Report 1 Fig. 1.A-1 USGS topo route maps, page 4 of 48"
Gulf Run Pipeline (42-in mainline),-93.463122,32.04875,11.26,route vertex at ~MP 11.3,"FERC CP20-70 accession 20200228-5231, Resource Report 1 Fig. 1.A-1 USGS topo route maps, page 4 of 48"
Gulf Run Pipeline (42-in mainline),-93.463054,32.045039,11.51,route vertex at ~MP 11.5,"FERC CP20-70 accession 20200228-5231, Resource Report 1 Fig. 1.A-1 USGS topo route maps, page 4 of 48"
Gulf Run Pipeline (42-in mainline),-93.461737,32.043077,11.67,route vertex at ~MP 11.7,"FERC CP20-70 accession 20200228-5231, Resource Report 1 Fig. 1.A-1 USGS topo route maps, page 4 of 48"
Gulf Run Pipeline (42-in mainline),-93.461389,32.034775,12.24,route vertex at ~MP 12.2,"FERC CP20-70 accession 20200228-5231, Resource Report 1 Fig. 1.A-1 USGS topo route maps, page 4 of 48"
Gulf Run Pipeline (42-in mainline),-93.464469,32.027958,12.75,route vertex at ~MP 12.7,"FERC CP20-70 accession 20200228-5231, Resource Report 1 Fig. 1.A-1 USGS topo route maps, page 4 of 48"
Gulf Run Pipeline (42-in mainline),-93.464332,32.025739,12.9,Bayou Pierre HDD / Red River-DeSoto parish line (RR1 Table 1.4-1 MP 12.9),"FERC CP20-70 accession 20200228-5231, Resource Report 1 Fig. 1.A-1 USGS topo route maps, page 4 of 48; RR1 text"
Gulf Run Pipeline (42-in mainline),-93.463697,32.015628,13.6,route vertex at ~MP 13.6,"FERC CP20-70 accession 20200228-5231, Resource Report 1 Fig. 1.A-1 USGS topo route maps, page 4 of 48"
Gulf Run Pipeline (42-in mainline),-93.459491,32.007037,14.24,route vertex at ~MP 14.2,"FERC CP20-70 accession 20200228-5231, Resource Report 1 Fig. 1.A-1 USGS topo route maps, page 4 of 48"
Gulf Run Pipeline (42-in mainline),-93.459461,32.001124,14.65,route vertex at ~MP 14.6,"FERC CP20-70 accession 20200228-5231, Resource Report 1 Fig. 1.A-1 USGS topo route maps, page 4 of 48"
Gulf Run Pipeline (42-in mainline),-93.450782,31.99138,15.49,route vertex at ~MP 15.5,"FERC CP20-70 accession 20200228-5231, Resource Report 1 Fig. 1.A-1 USGS topo route maps, page 5 of 48"
Gulf Run Pipeline (42-in mainline),-93.44977,31.98693,15.8,MLV #1 (RR1 Table 1.4-2),"FERC CP20-70 accession 20200228-5231, Resource Report 1 Fig. 1.A-1 USGS topo route maps, page 5 of 48; RR1 text"
Gulf Run Pipeline (42-in mainline),-93.449727,31.986737,15.81,route vertex at ~MP 15.8,"FERC CP20-70 accession 20200228-5231, Resource Report 1 Fig. 1.A-1 USGS topo route maps, page 5 of 48"
Gulf Run Pipeline (42-in mainline),-93.447843,31.970878,16.91,route vertex at ~MP 16.9,"FERC CP20-70 accession 20200228-5231, Resource Report 1 Fig. 1.A-1 USGS topo route maps, page 5 of 48"
Gulf Run Pipeline (42-in mainline),-93.4426,31.967294,17.31,route vertex at ~MP 17.3,"FERC CP20-70 accession 20200228-5231, Resource Report 1 Fig. 1.A-1 USGS topo route maps, page 5 of 48"
Gulf Run Pipeline (42-in mainline),-93.442596,31.958699,17.9,"I-49 crossing (EA sec. 7.5, MP 17.9)","FERC CP20-70 accession 20200228-5231, Resource Report 1 Fig. 1.A-1 USGS topo route maps, page 5 of 48; EA CP20-68/-70 (Oct 2020)"
Gulf Run Pipeline (42-in mainline),-93.442596,31.951389,18.4,route vertex at ~MP 18.4,"FERC CP20-70 accession 20200228-5231, Resource Report 1 Fig. 1.A-1 USGS topo route maps, page 6 of 48"
Gulf Run Pipeline (42-in mainline),-93.439907,31.948869,18.64,route vertex at ~MP 18.6,"FERC CP20-70 accession 20200228-5231, Resource Report 1 Fig. 1.A-1 USGS topo route maps, page 6 of 48"
Gulf Run Pipeline (42-in mainline),-93.439894,31.946105,18.83,route vertex at ~MP 18.8,"FERC CP20-70 accession 20200228-5231, Resource Report 1 Fig. 1.A-1 USGS topo route maps, page 6 of 48"
Gulf Run Pipeline (42-in mainline),-93.442614,31.945023,19.01,route vertex at ~MP 19.0,"FERC CP20-70 accession 20200228-5231, Resource Report 1 Fig. 1.A-1 USGS topo route maps, page 6 of 48"
Gulf Run Pipeline (42-in mainline),-93.442722,31.937393,19.53,route vertex at ~MP 19.5,"FERC CP20-70 accession 20200228-5231, Resource Report 1 Fig. 1.A-1 USGS topo route maps, page 6 of 48"
Gulf Run Pipeline (42-in mainline),-93.443511,31.933774,19.79,route vertex at ~MP 19.8,"FERC CP20-70 accession 20200228-5231, Resource Report 1 Fig. 1.A-1 USGS topo route maps, page 6 of 48"
Gulf Run Pipeline (42-in mainline),-93.444342,31.925604,20.35,route vertex at ~MP 20.4,"FERC CP20-70 accession 20200228-5231, Resource Report 1 Fig. 1.A-1 USGS topo route maps, page 6 of 48"
Gulf Run Pipeline (42-in mainline),-93.445418,31.921311,20.66,route vertex at ~MP 20.7,"FERC CP20-70 accession 20200228-5231, Resource Report 1 Fig. 1.A-1 USGS topo route maps, page 6 of 48"
Gulf Run Pipeline (42-in mainline),-93.447284,31.917152,20.96,route vertex at ~MP 21.0,"FERC CP20-70 accession 20200228-5231, Resource Report 1 Fig. 1.A-1 USGS topo route maps, page 6 of 48"
Gulf Run Pipeline (42-in mainline),-93.447679,31.912229,21.3,route vertex at ~MP 21.3,"FERC CP20-70 accession 20200228-5231, Resource Report 1 Fig. 1.A-1 USGS topo route maps, page 6 of 48"
Gulf Run Pipeline (42-in mainline),-93.450136,31.902378,22.0,route vertex at ~MP 22.0,"FERC CP20-70 accession 20200228-5231, Resource Report 1 Fig. 1.A-1 USGS topo route maps, page 6 of 48"
Gulf Run Pipeline (42-in mainline),-93.449714,31.901815,22.04,route vertex at ~MP 22.0,"FERC CP20-70 accession 20200228-5231, Resource Report 1 Fig. 1.A-1 USGS topo route maps, page 7 of 48"
Gulf Run Pipeline (42-in mainline),-93.451943,31.892871,22.67,route vertex at ~MP 22.7,"FERC CP20-70 accession 20200228-5231, Resource Report 1 Fig. 1.A-1 USGS topo route maps, page 7 of 48"
Gulf Run Pipeline (42-in mainline),-93.452554,31.892649,22.71,route vertex at ~MP 22.7,"FERC CP20-70 accession 20200228-5231, Resource Report 1 Fig. 1.A-1 USGS topo route maps, page 7 of 48"
Gulf Run Pipeline (42-in mainline),-93.453962,31.887185,23.1,route vertex at ~MP 23.1,"FERC CP20-70 accession 20200228-5231, Resource Report 1 Fig. 1.A-1 USGS topo route maps, page 7 of 48"
Gulf Run Pipeline (42-in mainline),-93.453969,31.885426,23.22,route vertex at ~MP 23.2,"FERC CP20-70 accession 20200228-5231, Resource Report 1 Fig. 1.A-1 USGS topo route maps, page 7 of 48"
Gulf Run Pipeline (42-in mainline),-93.454609,31.88442,23.3,route vertex at ~MP 23.3,"FERC CP20-70 accession 20200228-5231, Resource Report 1 Fig. 1.A-1 USGS topo route maps, page 7 of 48"
Gulf Run Pipeline (42-in mainline),-93.452859,31.882419,23.47,route vertex at ~MP 23.5,"FERC CP20-70 accession 20200228-5231, Resource Report 1 Fig. 1.A-1 USGS topo route maps, page 7 of 48"
Gulf Run Pipeline (42-in mainline),-93.451681,31.87559,23.95,route vertex at ~MP 23.9,"FERC CP20-70 accession 20200228-5231, Resource Report 1 Fig. 1.A-1 USGS topo route maps, page 7 of 48"
Gulf Run Pipeline (42-in mainline),-93.453241,31.871679,24.23,route vertex at ~MP 24.2,"FERC CP20-70 accession 20200228-5231, Resource Report 1 Fig. 1.A-1 USGS topo route maps, page 7 of 48"
Gulf Run Pipeline (42-in mainline),-93.452817,31.865666,24.65,route vertex at ~MP 24.6,"FERC CP20-70 accession 20200228-5231, Resource Report 1 Fig. 1.A-1 USGS topo route maps, page 7 of 48"
Gulf Run Pipeline (42-in mainline),-93.449004,31.863479,24.92,route vertex at ~MP 24.9,"FERC CP20-70 accession 20200228-5231, Resource Report 1 Fig. 1.A-1 USGS topo route maps, page 7 of 48"
Gulf Run Pipeline (42-in mainline),-93.446705,31.851141,25.78,route vertex at ~MP 25.8,"FERC CP20-70 accession 20200228-5231, Resource Report 1 Fig. 1.A-1 USGS topo route maps, page 8 of 48"
Gulf Run Pipeline (42-in mainline),-93.446742,31.845049,26.2,DeSoto-Sabine parish line (RR1 Table 1.4-1),"FERC CP20-70 accession 20200228-5231, Resource Report 1 Fig. 1.A-1 USGS topo route maps, page 8 of 48; RR1 text"
Gulf Run Pipeline (42-in mainline),-93.446706,31.834656,26.92,route vertex at ~MP 26.9,"FERC CP20-70 accession 20200228-5231, Resource Report 1 Fig. 1.A-1 USGS topo route maps, page 8 of 48"
Gulf Run Pipeline (42-in mainline),-93.446232,31.833187,27.02,route vertex at ~MP 27.0,"FERC CP20-70 accession 20200228-5231, Resource Report 1 Fig. 1.A-1 USGS topo route maps, page 8 of 48"
Gulf Run Pipeline (42-in mainline),-93.446753,31.831081,27.17,route vertex at ~MP 27.2,"FERC CP20-70 accession 20200228-5231, Resource Report 1 Fig. 1.A-1 USGS topo route maps, page 8 of 48"
Gulf Run Pipeline (42-in mainline),-93.44677,31.827809,27.4,route vertex at ~MP 27.4,"FERC CP20-70 accession 20200228-5231, Resource Report 1 Fig. 1.A-1 USGS topo route maps, page 8 of 48"
Gulf Run Pipeline (42-in mainline),-93.447427,31.827229,27.45,route vertex at ~MP 27.5,"FERC CP20-70 accession 20200228-5231, Resource Report 1 Fig. 1.A-1 USGS topo route maps, page 8 of 48"
Gulf Run Pipeline (42-in mainline),-93.447444,31.805325,28.96,route vertex at ~MP 29.0,"FERC CP20-70 accession 20200228-5231, Resource Report 1 Fig. 1.A-1 USGS topo route maps, page 8 of 48"
Gulf Run Pipeline (42-in mainline),-93.44753,31.802973,29.13,route vertex at ~MP 29.1,"FERC CP20-70 accession 20200228-5231, Resource Report 1 Fig. 1.A-1 USGS topo route maps, page 9 of 48"
Gulf Run Pipeline (42-in mainline),-93.448133,31.801197,29.25,route vertex at ~MP 29.3,"FERC CP20-70 accession 20200228-5231, Resource Report 1 Fig. 1.A-1 USGS topo route maps, page 9 of 48"
Gulf Run Pipeline (42-in mainline),-93.447443,31.798409,29.45,route vertex at ~MP 29.5,"FERC CP20-70 accession 20200228-5231, Resource Report 1 Fig. 1.A-1 USGS topo route maps, page 9 of 48"
Gulf Run Pipeline (42-in mainline),-93.44797,31.74935,32.83,route vertex at ~MP 32.8,"FERC CP20-70 accession 20200228-5231, Resource Report 1 Fig. 1.A-1 USGS topo route maps, page 10 of 48"
Gulf Run Pipeline (42-in mainline),-93.447644,31.745131,33.12,route vertex at ~MP 33.1,"FERC CP20-70 accession 20200228-5231, Resource Report 1 Fig. 1.A-1 USGS topo route maps, page 10 of 48"
Gulf Run Pipeline (42-in mainline),-93.448407,31.743231,33.26,route vertex at ~MP 33.3,"FERC CP20-70 accession 20200228-5231, Resource Report 1 Fig. 1.A-1 USGS topo route maps, page 10 of 48"
Gulf Run Pipeline (42-in mainline),-93.448401,31.741952,33.35,route vertex at ~MP 33.3,"FERC CP20-70 accession 20200228-5231, Resource Report 1 Fig. 1.A-1 USGS topo route maps, page 10 of 48"
Gulf Run Pipeline (42-in mainline),-93.447733,31.740318,33.47,route vertex at ~MP 33.5,"FERC CP20-70 accession 20200228-5231, Resource Report 1 Fig. 1.A-1 USGS topo route maps, page 10 of 48"
Gulf Run Pipeline (42-in mainline),-93.447754,31.737871,33.64,route vertex at ~MP 33.6,"FERC CP20-70 accession 20200228-5231, Resource Report 1 Fig. 1.A-1 USGS topo route maps, page 10 of 48"
Gulf Run Pipeline (42-in mainline),-93.448611,31.735434,33.81,route vertex at ~MP 33.8,"FERC CP20-70 accession 20200228-5231, Resource Report 1 Fig. 1.A-1 USGS topo route maps, page 10 of 48"
Gulf Run Pipeline (42-in mainline),-93.448628,31.732409,34.02,route vertex at ~MP 34.0,"FERC CP20-70 accession 20200228-5231, Resource Report 1 Fig. 1.A-1 USGS topo route maps, page 10 of 48"
Gulf Run Pipeline (42-in mainline),-93.447807,31.728879,34.27,route vertex at ~MP 34.3,"FERC CP20-70 accession 20200228-5231, Resource Report 1 Fig. 1.A-1 USGS topo route maps, page 10 of 48"
Gulf Run Pipeline (42-in mainline),-93.449352,31.722287,34.73,route vertex at ~MP 34.7,"FERC CP20-70 accession 20200228-5231, Resource Report 1 Fig. 1.A-1 USGS topo route maps, page 10 of 48"
Gulf Run Pipeline (42-in mainline),-93.449339,31.719675,34.91,route vertex at ~MP 34.9,"FERC CP20-70 accession 20200228-5231, Resource Report 1 Fig. 1.A-1 USGS topo route maps, page 10 of 48"
Gulf Run Pipeline (42-in mainline),-93.448742,31.718534,35.0,MLV #2,"FERC CP20-70 accession 20200228-5231, Resource Report 1 Fig. 1.A-1 USGS topo route maps, page 10 of 48; RR1 text"
Gulf Run Pipeline (42-in mainline),-93.447748,31.716587,35.15,route vertex at ~MP 35.1,"FERC CP20-70 accession 20200228-5231, Resource Report 1 Fig. 1.A-1 USGS topo route maps, page 10 of 48"
Gulf Run Pipeline (42-in mainline),-93.447824,31.699265,36.34,route vertex at ~MP 36.3,"FERC CP20-70 accession 20200228-5231, Resource Report 1 Fig. 1.A-1 USGS topo route maps, page 11 of 48"
Gulf Run Pipeline (42-in mainline),-93.448405,31.696169,36.56,route vertex at ~MP 36.6,"FERC CP20-70 accession 20200228-5231, Resource Report 1 Fig. 1.A-1 USGS topo route maps, page 11 of 48"
Gulf Run Pipeline (42-in mainline),-93.447858,31.692857,36.79,route vertex at ~MP 36.8,"FERC CP20-70 accession 20200228-5231, Resource Report 1 Fig. 1.A-1 USGS topo route maps, page 11 of 48"
Gulf Run Pipeline (42-in mainline),-93.447933,31.675052,38.02,route vertex at ~MP 38.0,"FERC CP20-70 accession 20200228-5231, Resource Report 1 Fig. 1.A-1 USGS topo route maps, page 11 of 48"
Gulf Run Pipeline (42-in mainline),-93.448524,31.670815,38.31,route vertex at ~MP 38.3,"FERC CP20-70 accession 20200228-5231, Resource Report 1 Fig. 1.A-1 USGS topo route maps, page 11 of 48"
Gulf Run Pipeline (42-in mainline),-93.447965,31.668063,38.5,route vertex at ~MP 38.5,"FERC CP20-70 accession 20200228-5231, Resource Report 1 Fig. 1.A-1 USGS topo route maps, page 11 of 48"
Gulf Run Pipeline (42-in mainline),-93.447988,31.662962,38.86,route vertex at ~MP 38.9,"FERC CP20-70 accession 20200228-5231, Resource Report 1 Fig. 1.A-1 USGS topo route maps, page 11 of 48"
Gulf Run Pipeline (42-in mainline),-93.449424,31.653868,39.49,route vertex at ~MP 39.5,"FERC CP20-70 accession 20200228-5231, Resource Report 1 Fig. 1.A-1 USGS topo route maps, page 12 of 48"
Gulf Run Pipeline (42-in mainline),-93.449257,31.646046,40.03,route vertex at ~MP 40.0,"FERC CP20-70 accession 20200228-5231, Resource Report 1 Fig. 1.A-1 USGS topo route maps, page 12 of 48"
Gulf Run Pipeline (42-in mainline),-93.450489,31.644873,40.14,route vertex at ~MP 40.1,"FERC CP20-70 accession 20200228-5231, Resource Report 1 Fig. 1.A-1 USGS topo route maps, page 12 of 48"
Gulf Run Pipeline (42-in mainline),-93.451417,31.640566,40.44,route vertex at ~MP 40.4,"FERC CP20-70 accession 20200228-5231, Resource Report 1 Fig. 1.A-1 USGS topo route maps, page 12 of 48"
Gulf Run Pipeline (42-in mainline),-93.450976,31.629073,41.23,route vertex at ~MP 41.2,"FERC CP20-70 accession 20200228-5231, Resource Report 1 Fig. 1.A-1 USGS topo route maps, page 12 of 48"
Gulf Run Pipeline (42-in mainline),-93.445944,31.62531,41.63,route vertex at ~MP 41.6,"FERC CP20-70 accession 20200228-5231, Resource Report 1 Fig. 1.A-1 USGS topo route maps, page 12 of 48"
Gulf Run Pipeline (42-in mainline),-93.439823,31.608212,42.86,route vertex at ~MP 42.9,"FERC CP20-70 accession 20200228-5231, Resource Report 1 Fig. 1.A-1 USGS topo route maps, page 12 of 48"
Gulf Run Pipeline (42-in mainline),-93.438855,31.607322,42.95,route vertex at ~MP 42.9,"FERC CP20-70 accession 20200228-5231, Resource Report 1 Fig. 1.A-1 USGS topo route maps, page 12 of 48"
Gulf Run Pipeline (42-in mainline),-93.437863,31.604809,43.13,route vertex at ~MP 43.1,"FERC CP20-70 accession 20200228-5231, Resource Report 1 Fig. 1.A-1 USGS topo route maps, page 13 of 48"
Gulf Run Pipeline (42-in mainline),-93.437171,31.604523,43.17,route vertex at ~MP 43.2,"FERC CP20-70 accession 20200228-5231, Resource Report 1 Fig. 1.A-1 USGS topo route maps, page 13 of 48"
Gulf Run Pipeline (42-in mainline),-93.436233,31.60311,43.29,route vertex at ~MP 43.3,"FERC CP20-70 accession 20200228-5231, Resource Report 1 Fig. 1.A-1 USGS topo route maps, page 13 of 48"
Gulf Run Pipeline (42-in mainline),-93.433299,31.597592,43.71,route vertex at ~MP 43.7,"FERC CP20-70 accession 20200228-5231, Resource Report 1 Fig. 1.A-1 USGS topo route maps, page 13 of 48"
Gulf Run Pipeline (42-in mainline),-93.432779,31.596205,43.81,route vertex at ~MP 43.8,"FERC CP20-70 accession 20200228-5231, Resource Report 1 Fig. 1.A-1 USGS topo route maps, page 13 of 48"
Gulf Run Pipeline (42-in mainline),-93.433124,31.594321,43.94,route vertex at ~MP 43.9,"FERC CP20-70 accession 20200228-5231, Resource Report 1 Fig. 1.A-1 USGS topo route maps, page 13 of 48"
Gulf Run Pipeline (42-in mainline),-93.430474,31.587592,44.43,route vertex at ~MP 44.4,"FERC CP20-70 accession 20200228-5231, Resource Report 1 Fig. 1.A-1 USGS topo route maps, page 13 of 48"
Gulf Run Pipeline (42-in mainline),-93.429455,31.586014,44.55,route vertex at ~MP 44.6,"FERC CP20-70 accession 20200228-5231, Resource Report 1 Fig. 1.A-1 USGS topo route maps, page 13 of 48"
Gulf Run Pipeline (42-in mainline),-93.427343,31.580852,44.93,route vertex at ~MP 44.9,"FERC CP20-70 accession 20200228-5231, Resource Report 1 Fig. 1.A-1 USGS topo route maps, page 13 of 48"
Gulf Run Pipeline (42-in mainline),-93.425599,31.578685,45.11,route vertex at ~MP 45.1,"FERC CP20-70 accession 20200228-5231, Resource Report 1 Fig. 1.A-1 USGS topo route maps, page 13 of 48"
Gulf Run Pipeline (42-in mainline),-93.422451,31.571468,45.64,route vertex at ~MP 45.6,"FERC CP20-70 accession 20200228-5231, Resource Report 1 Fig. 1.A-1 USGS topo route maps, page 13 of 48"
Gulf Run Pipeline (42-in mainline),-93.422377,31.569241,45.79,route vertex at ~MP 45.8,"FERC CP20-70 accession 20200228-5231, Resource Report 1 Fig. 1.A-1 USGS topo route maps, page 13 of 48"
Gulf Run Pipeline (42-in mainline),-93.422354,31.569162,45.8,MLV #3,"FERC CP20-70 accession 20200228-5231, Resource Report 1 Fig. 1.A-1 USGS topo route maps, page 13 of 48; RR1 text"
Gulf Run Pipeline (42-in mainline),-93.420885,31.565974,46.04,route vertex at ~MP 46.0,"FERC CP20-70 accession 20200228-5231, Resource Report 1 Fig. 1.A-1 USGS topo route maps, page 14 of 48"
Gulf Run Pipeline (42-in mainline),-93.421187,31.565368,46.08,route vertex at ~MP 46.1,"FERC CP20-70 accession 20200228-5231, Resource Report 1 Fig. 1.A-1 USGS topo route maps, page 14 of 48"
Gulf Run Pipeline (42-in mainline),-93.420231,31.563281,46.24,route vertex at ~MP 46.2,"FERC CP20-70 accession 20200228-5231, Resource Report 1 Fig. 1.A-1 USGS topo route maps, page 14 of 48"
Gulf Run Pipeline (42-in mainline),-93.418918,31.557029,46.67,route vertex at ~MP 46.7,"FERC CP20-70 accession 20200228-5231, Resource Report 1 Fig. 1.A-1 USGS topo route maps, page 14 of 48"
Gulf Run Pipeline (42-in mainline),-93.419361,31.555653,46.77,route vertex at ~MP 46.8,"FERC CP20-70 accession 20200228-5231, Resource Report 1 Fig. 1.A-1 USGS topo route maps, page 14 of 48"
Gulf Run Pipeline (42-in mainline),-93.418837,31.55318,46.95,route vertex at ~MP 46.9,"FERC CP20-70 accession 20200228-5231, Resource Report 1 Fig. 1.A-1 USGS topo route maps, page 14 of 48"
Gulf Run Pipeline (42-in mainline),-93.417868,31.552028,47.05,route vertex at ~MP 47.0,"FERC CP20-70 accession 20200228-5231, Resource Report 1 Fig. 1.A-1 USGS topo route maps, page 14 of 48"
Gulf Run Pipeline (42-in mainline),-93.413359,31.530758,48.53,route vertex at ~MP 48.5,"FERC CP20-70 accession 20200228-5231, Resource Report 1 Fig. 1.A-1 USGS topo route maps, page 14 of 48"
Gulf Run Pipeline (42-in mainline),-93.413105,31.52783,48.74,route vertex at ~MP 48.7,"FERC CP20-70 accession 20200228-5231, Resource Report 1 Fig. 1.A-1 USGS topo route maps, page 14 of 48"
Gulf Run Pipeline (42-in mainline),-93.411769,31.523297,49.06,route vertex at ~MP 49.1,"FERC CP20-70 accession 20200228-5231, Resource Report 1 Fig. 1.A-1 USGS topo route maps, page 14 of 48"
Gulf Run Pipeline (42-in mainline),-93.411552,31.514415,49.67,route vertex at ~MP 49.7,"FERC CP20-70 accession 20200228-5231, Resource Report 1 Fig. 1.A-1 USGS topo route maps, page 14 of 48"
Gulf Run Pipeline (42-in mainline),-93.410987,31.513701,49.73,route vertex at ~MP 49.7,"FERC CP20-70 accession 20200228-5231, Resource Report 1 Fig. 1.A-1 USGS topo route maps, page 14 of 48"
Gulf Run Pipeline (42-in mainline),-93.410968,31.509467,50.02,route vertex at ~MP 50.0,"FERC CP20-70 accession 20200228-5231, Resource Report 1 Fig. 1.A-1 USGS topo route maps, page 15 of 48"
Gulf Run Pipeline (42-in mainline),-93.409475,31.505676,50.3,route vertex at ~MP 50.3,"FERC CP20-70 accession 20200228-5231, Resource Report 1 Fig. 1.A-1 USGS topo route maps, page 15 of 48"
Gulf Run Pipeline (42-in mainline),-93.409727,31.504466,50.38,route vertex at ~MP 50.4,"FERC CP20-70 accession 20200228-5231, Resource Report 1 Fig. 1.A-1 USGS topo route maps, page 15 of 48"
Gulf Run Pipeline (42-in mainline),-93.41043,31.5039,50.44,route vertex at ~MP 50.4,"FERC CP20-70 accession 20200228-5231, Resource Report 1 Fig. 1.A-1 USGS topo route maps, page 15 of 48"
Gulf Run Pipeline (42-in mainline),-93.411889,31.503551,50.53,route vertex at ~MP 50.5,"FERC CP20-70 accession 20200228-5231, Resource Report 1 Fig. 1.A-1 USGS topo route maps, page 15 of 48"
Gulf Run Pipeline (42-in mainline),-93.415862,31.498272,50.96,route vertex at ~MP 51.0,"FERC CP20-70 accession 20200228-5231, Resource Report 1 Fig. 1.A-1 USGS topo route maps, page 15 of 48"
Gulf Run Pipeline (42-in mainline),-93.415731,31.497599,51.01,route vertex at ~MP 51.0,"FERC CP20-70 accession 20200228-5231, Resource Report 1 Fig. 1.A-1 USGS topo route maps, page 15 of 48"
Gulf Run Pipeline (42-in mainline),-93.419678,31.490354,51.56,route vertex at ~MP 51.6,"FERC CP20-70 accession 20200228-5231, Resource Report 1 Fig. 1.A-1 USGS topo route maps, page 15 of 48"
Gulf Run Pipeline (42-in mainline),-93.419589,31.488429,51.69,route vertex at ~MP 51.7,"FERC CP20-70 accession 20200228-5231, Resource Report 1 Fig. 1.A-1 USGS topo route maps, page 15 of 48"
Gulf Run Pipeline (42-in mainline),-93.420035,31.487699,51.75,route vertex at ~MP 51.8,"FERC CP20-70 accession 20200228-5231, Resource Report 1 Fig. 1.A-1 USGS topo route maps, page 15 of 48"
Gulf Run Pipeline (42-in mainline),-93.421635,31.486649,51.87,route vertex at ~MP 51.9,"FERC CP20-70 accession 20200228-5231, Resource Report 1 Fig. 1.A-1 USGS topo route maps, page 15 of 48"
Gulf Run Pipeline (42-in mainline),-93.423586,31.481651,52.24,route vertex at ~MP 52.2,"FERC CP20-70 accession 20200228-5231, Resource Report 1 Fig. 1.A-1 USGS topo route maps, page 15 of 48"
Gulf Run Pipeline (42-in mainline),-93.424387,31.481263,52.29,route vertex at ~MP 52.3,"FERC CP20-70 accession 20200228-5231, Resource Report 1 Fig. 1.A-1 USGS topo route maps, page 15 of 48"
Gulf Run Pipeline (42-in mainline),-93.425226,31.478799,52.47,route vertex at ~MP 52.5,"FERC CP20-70 accession 20200228-5231, Resource Report 1 Fig. 1.A-1 USGS topo route maps, page 15 of 48"
Gulf Run Pipeline (42-in mainline),-93.427037,31.476054,52.69,route vertex at ~MP 52.7,"FERC CP20-70 accession 20200228-5231, Resource Report 1 Fig. 1.A-1 USGS topo route maps, page 15 of 48"
Gulf Run Pipeline (42-in mainline),-93.42762,31.473646,52.86,route vertex at ~MP 52.9,"FERC CP20-70 accession 20200228-5231, Resource Report 1 Fig. 1.A-1 USGS topo route maps, page 15 of 48"
Gulf Run Pipeline (42-in mainline),-93.427965,31.468392,53.22,route vertex at ~MP 53.2,"FERC CP20-70 accession 20200228-5231, Resource Report 1 Fig. 1.A-1 USGS topo route maps, page 16 of 48"
Gulf Run Pipeline (42-in mainline),-93.431127,31.458262,53.94,route vertex at ~MP 53.9,"FERC CP20-70 accession 20200228-5231, Resource Report 1 Fig. 1.A-1 USGS topo route maps, page 16 of 48"
Gulf Run Pipeline (42-in mainline),-93.435114,31.449806,54.57,route vertex at ~MP 54.6,"FERC CP20-70 accession 20200228-5231, Resource Report 1 Fig. 1.A-1 USGS topo route maps, page 16 of 48"
Gulf Run Pipeline (42-in mainline),-93.435537,31.447591,54.73,route vertex at ~MP 54.7,"FERC CP20-70 accession 20200228-5231, Resource Report 1 Fig. 1.A-1 USGS topo route maps, page 16 of 48"
Gulf Run Pipeline (42-in mainline),-93.439899,31.437044,55.5,route vertex at ~MP 55.5,"FERC CP20-70 accession 20200228-5231, Resource Report 1 Fig. 1.A-1 USGS topo route maps, page 16 of 48"
Gulf Run Pipeline (42-in mainline),-93.440744,31.435982,55.59,route vertex at ~MP 55.6,"FERC CP20-70 accession 20200228-5231, Resource Report 1 Fig. 1.A-1 USGS topo route maps, page 16 of 48"
Gulf Run Pipeline (42-in mainline),-93.441228,31.433258,55.78,route vertex at ~MP 55.8,"FERC CP20-70 accession 20200228-5231, Resource Report 1 Fig. 1.A-1 USGS topo route maps, page 16 of 48"
Gulf Run Pipeline (42-in mainline),-93.448142,31.413602,57.19,route vertex at ~MP 57.2,"FERC CP20-70 accession 20200228-5231, Resource Report 1 Fig. 1.A-1 USGS topo route maps, page 17 of 48"
Gulf Run Pipeline (42-in mainline),-93.452304,31.40905,57.59,route vertex at ~MP 57.6,"FERC CP20-70 accession 20200228-5231, Resource Report 1 Fig. 1.A-1 USGS topo route maps, page 17 of 48"
Gulf Run Pipeline (42-in mainline),-93.454354,31.401961,58.1,route vertex at ~MP 58.1,"FERC CP20-70 accession 20200228-5231, Resource Report 1 Fig. 1.A-1 USGS topo route maps, page 17 of 48"
Gulf Run Pipeline (42-in mainline),-93.458231,31.394742,58.64,route vertex at ~MP 58.6,"FERC CP20-70 accession 20200228-5231, Resource Report 1 Fig. 1.A-1 USGS topo route maps, page 17 of 48"
Gulf Run Pipeline (42-in mainline),-93.457874,31.393933,58.7,route vertex at ~MP 58.7,"FERC CP20-70 accession 20200228-5231, Resource Report 1 Fig. 1.A-1 USGS topo route maps, page 17 of 48"
Gulf Run Pipeline (42-in mainline),-93.462134,31.383192,59.49,route vertex at ~MP 59.5,"FERC CP20-70 accession 20200228-5231, Resource Report 1 Fig. 1.A-1 USGS topo route maps, page 17 of 48"
Gulf Run Pipeline (42-in mainline),-93.463253,31.379393,59.76,route vertex at ~MP 59.8,"FERC CP20-70 accession 20200228-5231, Resource Report 1 Fig. 1.A-1 USGS topo route maps, page 17 of 48"
Gulf Run Pipeline (42-in mainline),-93.467276,31.369054,60.51,route vertex at ~MP 60.5,"FERC CP20-70 accession 20200228-5231, Resource Report 1 Fig. 1.A-1 USGS topo route maps, page 17 of 48"
Gulf Run Pipeline (42-in mainline),-93.468124,31.368693,60.56,route vertex at ~MP 60.6,"FERC CP20-70 accession 20200228-5231, Resource Report 1 Fig. 1.A-1 USGS topo route maps, page 17 of 48"
Gulf Run Pipeline (42-in mainline),-93.468836,31.366862,60.7,route vertex at ~MP 60.7,"FERC CP20-70 accession 20200228-5231, Resource Report 1 Fig. 1.A-1 USGS topo route maps, page 17 of 48"
Gulf Run Pipeline (42-in mainline),-93.47063,31.360242,61.16,route vertex at ~MP 61.2,"FERC CP20-70 accession 20200228-5231, Resource Report 1 Fig. 1.A-1 USGS topo route maps, page 18 of 48"
Gulf Run Pipeline (42-in mainline),-93.47406,31.351475,61.8,Bayou Toro HDD (EA Table B-5),"FERC CP20-70 accession 20200228-5231, Resource Report 1 Fig. 1.A-1 USGS topo route maps, page 18 of 48; EA CP20-68/-70 (Oct 2020)"
Gulf Run Pipeline (42-in mainline),-93.479362,31.337879,62.79,route vertex at ~MP 62.8,"FERC CP20-70 accession 20200228-5231, Resource Report 1 Fig. 1.A-1 USGS topo route maps, page 18 of 48"
Gulf Run Pipeline (42-in mainline),-93.478762,31.336507,62.89,route vertex at ~MP 62.9,"FERC CP20-70 accession 20200228-5231, Resource Report 1 Fig. 1.A-1 USGS topo route maps, page 18 of 48"
Gulf Run Pipeline (42-in mainline),-93.480535,31.332403,63.19,route vertex at ~MP 63.2,"FERC CP20-70 accession 20200228-5231, Resource Report 1 Fig. 1.A-1 USGS topo route maps, page 18 of 48"
Gulf Run Pipeline (42-in mainline),-93.485081,31.31737,64.26,route vertex at ~MP 64.3,"FERC CP20-70 accession 20200228-5231, Resource Report 1 Fig. 1.A-1 USGS topo route maps, page 19 of 48"
Gulf Run Pipeline (42-in mainline),-93.4855,31.314894,64.43,route vertex at ~MP 64.4,"FERC CP20-70 accession 20200228-5231, Resource Report 1 Fig. 1.A-1 USGS topo route maps, page 19 of 48"
Gulf Run Pipeline (42-in mainline),-93.486876,31.311465,64.69,route vertex at ~MP 64.7,"FERC CP20-70 accession 20200228-5231, Resource Report 1 Fig. 1.A-1 USGS topo route maps, page 19 of 48"
Gulf Run Pipeline (42-in mainline),-93.487643,31.311077,64.74,route vertex at ~MP 64.7,"FERC CP20-70 accession 20200228-5231, Resource Report 1 Fig. 1.A-1 USGS topo route maps, page 19 of 48"
Gulf Run Pipeline (42-in mainline),-93.488762,31.307393,65.0,MLV #4,"FERC CP20-70 accession 20200228-5231, Resource Report 1 Fig. 1.A-1 USGS topo route maps, page 19 of 48; RR1 text"
Gulf Run Pipeline (42-in mainline),-93.490262,31.303504,65.28,route vertex at ~MP 65.3,"FERC CP20-70 accession 20200228-5231, Resource Report 1 Fig. 1.A-1 USGS topo route maps, page 19 of 48"
Gulf Run Pipeline (42-in mainline),-93.485109,31.294738,65.96,route vertex at ~MP 66.0,"FERC CP20-70 accession 20200228-5231, Resource Report 1 Fig. 1.A-1 USGS topo route maps, page 19 of 48"
Gulf Run Pipeline (42-in mainline),-93.484685,31.293227,66.07,route vertex at ~MP 66.1,"FERC CP20-70 accession 20200228-5231, Resource Report 1 Fig. 1.A-1 USGS topo route maps, page 19 of 48"
Gulf Run Pipeline (42-in mainline),-93.484342,31.282668,66.79,route vertex at ~MP 66.8,"FERC CP20-70 accession 20200228-5231, Resource Report 1 Fig. 1.A-1 USGS topo route maps, page 19 of 48"
Gulf Run Pipeline (42-in mainline),-93.483647,31.276783,67.2,Sabine-Vernon parish line (RR1 Table 1.4-1),"FERC CP20-70 accession 20200228-5231, Resource Report 1 Fig. 1.A-1 USGS topo route maps, page 19 of 48; RR1 text"
Gulf Run Pipeline (42-in mainline),-93.483586,31.275617,67.28,route vertex at ~MP 67.3,"FERC CP20-70 accession 20200228-5231, Resource Report 1 Fig. 1.A-1 USGS topo route maps, page 19 of 48"
Gulf Run Pipeline (42-in mainline),-93.483725,31.268028,67.8,route vertex at ~MP 67.8,"FERC CP20-70 accession 20200228-5231, Resource Report 1 Fig. 1.A-1 USGS topo route maps, page 19 of 48"
Gulf Run Pipeline (42-in mainline),-93.482959,31.252878,68.85,route vertex at ~MP 68.8,"FERC CP20-70 accession 20200228-5231, Resource Report 1 Fig. 1.A-1 USGS topo route maps, page 20 of 48"
Gulf Run Pipeline (42-in mainline),-93.482427,31.248892,69.12,route vertex at ~MP 69.1,"FERC CP20-70 accession 20200228-5231, Resource Report 1 Fig. 1.A-1 USGS topo route maps, page 20 of 48"
Gulf Run Pipeline (42-in mainline),-93.482745,31.235925,70.02,route vertex at ~MP 70.0,"FERC CP20-70 accession 20200228-5231, Resource Report 1 Fig. 1.A-1 USGS topo route maps, page 20 of 48"
Gulf Run Pipeline (42-in mainline),-93.483787,31.233033,70.23,route vertex at ~MP 70.2,"FERC CP20-70 accession 20200228-5231, Resource Report 1 Fig. 1.A-1 USGS topo route maps, page 20 of 48"
Gulf Run Pipeline (42-in mainline),-93.481995,31.204869,72.17,route vertex at ~MP 72.2,"FERC CP20-70 accession 20200228-5231, Resource Report 1 Fig. 1.A-1 USGS topo route maps, page 22 of 48"
Gulf Run Pipeline (42-in mainline),-93.481887,31.195714,72.8,Sandy Creek / LA Hwy 111 HDD (EA Table A-1),"FERC CP20-70 accession 20200228-5231, Resource Report 1 Fig. 1.A-1 USGS topo route maps, page 22 of 48; EA CP20-68/-70 (Oct 2020)"
Gulf Run Pipeline (42-in mainline),-93.481855,31.193058,72.98,route vertex at ~MP 73.0,"FERC CP20-70 accession 20200228-5231, Resource Report 1 Fig. 1.A-1 USGS topo route maps, page 22 of 48"
Gulf Run Pipeline (42-in mainline),-93.48133,31.190379,73.17,route vertex at ~MP 73.2,"FERC CP20-70 accession 20200228-5231, Resource Report 1 Fig. 1.A-1 USGS topo route maps, page 22 of 48"
Gulf Run Pipeline (42-in mainline),-93.480891,31.181462,73.78,route vertex at ~MP 73.8,"FERC CP20-70 accession 20200228-5231, Resource Report 1 Fig. 1.A-1 USGS topo route maps, page 22 of 48"
Gulf Run Pipeline (42-in mainline),-93.479542,31.177177,74.09,route vertex at ~MP 74.1,"FERC CP20-70 accession 20200228-5231, Resource Report 1 Fig. 1.A-1 USGS topo route maps, page 23 of 48"
Gulf Run Pipeline (42-in mainline),-93.479396,31.16736,74.77,route vertex at ~MP 74.8,"FERC CP20-70 accession 20200228-5231, Resource Report 1 Fig. 1.A-1 USGS topo route maps, page 23 of 48"
Gulf Run Pipeline (42-in mainline),-93.478036,31.164051,75.01,route vertex at ~MP 75.0,"FERC CP20-70 accession 20200228-5231, Resource Report 1 Fig. 1.A-1 USGS topo route maps, page 23 of 48"
Gulf Run Pipeline (42-in mainline),-93.474923,31.158576,75.43,route vertex at ~MP 75.4,"FERC CP20-70 accession 20200228-5231, Resource Report 1 Fig. 1.A-1 USGS topo route maps, page 23 of 48"
Gulf Run Pipeline (42-in mainline),-93.478686,31.150064,76.06,route vertex at ~MP 76.1,"FERC CP20-70 accession 20200228-5231, Resource Report 1 Fig. 1.A-1 USGS topo route maps, page 23 of 48"
Gulf Run Pipeline (42-in mainline),-93.477289,31.142617,76.58,route vertex at ~MP 76.6,"FERC CP20-70 accession 20200228-5231, Resource Report 1 Fig. 1.A-1 USGS topo route maps, page 23 of 48"
Gulf Run Pipeline (42-in mainline),-93.474676,31.141169,76.76,route vertex at ~MP 76.8,"FERC CP20-70 accession 20200228-5231, Resource Report 1 Fig. 1.A-1 USGS topo route maps, page 23 of 48"
Gulf Run Pipeline (42-in mainline),-93.472358,31.13785,77.03,route vertex at ~MP 77.0,"FERC CP20-70 accession 20200228-5231, Resource Report 1 Fig. 1.A-1 USGS topo route maps, page 25 of 48"
Gulf Run Pipeline (42-in mainline),-93.472951,31.131811,77.45,route vertex at ~MP 77.4,"FERC CP20-70 accession 20200228-5231, Resource Report 1 Fig. 1.A-1 USGS topo route maps, page 25 of 48"
Gulf Run Pipeline (42-in mainline),-93.473032,31.119202,78.32,route vertex at ~MP 78.3,"FERC CP20-70 accession 20200228-5231, Resource Report 1 Fig. 1.A-1 USGS topo route maps, page 25 of 48"
Gulf Run Pipeline (42-in mainline),-93.47344,31.11766,78.43,route vertex at ~MP 78.4,"FERC CP20-70 accession 20200228-5231, Resource Report 1 Fig. 1.A-1 USGS topo route maps, page 25 of 48"
Gulf Run Pipeline (42-in mainline),-93.472953,31.10321,79.43,route vertex at ~MP 79.4,"FERC CP20-70 accession 20200228-5231, Resource Report 1 Fig. 1.A-1 USGS topo route maps, page 25 of 48"
Gulf Run Pipeline (42-in mainline),-93.468558,31.090026,80.37,route vertex at ~MP 80.4,"FERC CP20-70 accession 20200228-5231, Resource Report 1 Fig. 1.A-1 USGS topo route maps, page 26 of 48"
Gulf Run Pipeline (42-in mainline),-93.469306,31.088291,80.5,route vertex at ~MP 80.5,"FERC CP20-70 accession 20200228-5231, Resource Report 1 Fig. 1.A-1 USGS topo route maps, page 26 of 48"
Gulf Run Pipeline (42-in mainline),-93.465056,31.078571,81.22,route vertex at ~MP 81.2,"FERC CP20-70 accession 20200228-5231, Resource Report 1 Fig. 1.A-1 USGS topo route maps, page 27 of 48"
Gulf Run Pipeline (42-in mainline),-93.465042,31.077378,81.3,MLV #5; enters Clear Creek WMA (EA),"FERC CP20-70 accession 20200228-5231, Resource Report 1 Fig. 1.A-1 USGS topo route maps, page 27 of 48; EA CP20-68/-70 (Oct 2020)"
Gulf Run Pipeline (42-in mainline),-93.465057,31.068835,81.89,route vertex at ~MP 81.9,"FERC CP20-70 accession 20200228-5231, Resource Report 1 Fig. 1.A-1 USGS topo route maps, page 27 of 48"
Gulf Run Pipeline (42-in mainline),-93.454597,31.021088,85.24,route vertex at ~MP 85.2,"FERC CP20-70 accession 20200228-5231, Resource Report 1 Fig. 1.A-1 USGS topo route maps, page 28 of 48"
Gulf Run Pipeline (42-in mainline),-93.450042,31.013349,85.83,route vertex at ~MP 85.8,"FERC CP20-70 accession 20200228-5231, Resource Report 1 Fig. 1.A-1 USGS topo route maps, page 28 of 48"
Gulf Run Pipeline (42-in mainline),-93.446555,31.008479,86.23,route vertex at ~MP 86.2,"FERC CP20-70 accession 20200228-5231, Resource Report 1 Fig. 1.A-1 USGS topo route maps, page 28 of 48"
Gulf Run Pipeline (42-in mainline),-93.4461,31.006858,86.34,route vertex at ~MP 86.3,"FERC CP20-70 accession 20200228-5231, Resource Report 1 Fig. 1.A-1 USGS topo route maps, page 28 of 48"
Gulf Run Pipeline (42-in mainline),-93.443927,31.003204,86.63,route vertex at ~MP 86.6,"FERC CP20-70 accession 20200228-5231, Resource Report 1 Fig. 1.A-1 USGS topo route maps, page 28 of 48"
Gulf Run Pipeline (42-in mainline),-93.445545,30.994068,87.26,route vertex at ~MP 87.3,"FERC CP20-70 accession 20200228-5231, Resource Report 1 Fig. 1.A-1 USGS topo route maps, page 29 of 48"
Gulf Run Pipeline (42-in mainline),-93.447278,30.989167,87.62,route vertex at ~MP 87.6,"FERC CP20-70 accession 20200228-5231, Resource Report 1 Fig. 1.A-1 USGS topo route maps, page 29 of 48"
Gulf Run Pipeline (42-in mainline),-93.450341,30.954903,89.99,route vertex at ~MP 90.0,"FERC CP20-70 accession 20200228-5231, Resource Report 1 Fig. 1.A-1 USGS topo route maps, page 29 of 48"
Gulf Run Pipeline (42-in mainline),-93.449928,30.951825,90.2,route vertex at ~MP 90.2,"FERC CP20-70 accession 20200228-5231, Resource Report 1 Fig. 1.A-1 USGS topo route maps, page 29 of 48"
Gulf Run Pipeline (42-in mainline),-93.451166,30.937258,91.21,route vertex at ~MP 91.2,"FERC CP20-70 accession 20200228-5231, Resource Report 1 Fig. 1.A-1 USGS topo route maps, page 30 of 48"
Gulf Run Pipeline (42-in mainline),-93.454605,30.90881,93.18,route vertex at ~MP 93.2,"FERC CP20-70 accession 20200228-5231, Resource Report 1 Fig. 1.A-1 USGS topo route maps, page 30 of 48"
Gulf Run Pipeline (42-in mainline),-93.454361,30.907779,93.25,route vertex at ~MP 93.2,"FERC CP20-70 accession 20200228-5231, Resource Report 1 Fig. 1.A-1 USGS topo route maps, page 30 of 48"
Gulf Run Pipeline (42-in mainline),-93.457425,30.874286,95.56,route vertex at ~MP 95.6,"FERC CP20-70 accession 20200228-5231, Resource Report 1 Fig. 1.A-1 USGS topo route maps, page 31 of 48"
Gulf Run Pipeline (42-in mainline),-93.458214,30.869126,95.92,route vertex at ~MP 95.9,"FERC CP20-70 accession 20200228-5231, Resource Report 1 Fig. 1.A-1 USGS topo route maps, page 31 of 48"
Gulf Run Pipeline (42-in mainline),-93.456353,30.865424,96.2,Bayou Anacoco HDD / Vernon-Beauregard parish line (RR1 Table 1.4-1),"FERC CP20-70 accession 20200228-5231, Resource Report 1 Fig. 1.A-1 USGS topo route maps, page 31 of 48; RR1 text"
Gulf Run Pipeline (42-in mainline),-93.451538,30.856456,96.88,route vertex at ~MP 96.9,"FERC CP20-70 accession 20200228-5231, Resource Report 1 Fig. 1.A-1 USGS topo route maps, page 31 of 48"
Gulf Run Pipeline (42-in mainline),-93.44921,30.854017,97.1,Pig receiver (RR1 Table 1.4-2),"FERC CP20-70 accession 20200228-5231, Resource Report 1 Fig. 1.A-1 USGS topo route maps, page 32 of 48; RR1 text"
Gulf Run Pipeline (42-in mainline),-93.44899,30.853468,97.15,route vertex at ~MP 97.1,"FERC CP20-70 accession 20200228-5231, Resource Report 1 Fig. 1.A-1 USGS topo route maps, page 32 of 48"
Gulf Run Pipeline (42-in mainline),-93.447922,30.849992,97.4,route vertex at ~MP 97.4,"FERC CP20-70 accession 20200228-5231, Resource Report 1 Fig. 1.A-1 USGS topo route maps, page 32 of 48"
Gulf Run Pipeline (42-in mainline),-93.44795,30.842429,97.92,route vertex at ~MP 97.9,"FERC CP20-70 accession 20200228-5231, Resource Report 1 Fig. 1.A-1 USGS topo route maps, page 32 of 48"
Gulf Run Pipeline (42-in mainline),-93.450742,30.839614,98.18,route vertex at ~MP 98.2,"FERC CP20-70 accession 20200228-5231, Resource Report 1 Fig. 1.A-1 USGS topo route maps, page 32 of 48"
Gulf Run Pipeline (42-in mainline),-93.450861,30.837744,98.31,route vertex at ~MP 98.3,"FERC CP20-70 accession 20200228-5231, Resource Report 1 Fig. 1.A-1 USGS topo route maps, page 32 of 48"
Gulf Run Pipeline (42-in mainline),-93.451794,30.836269,98.42,route vertex at ~MP 98.4,"FERC CP20-70 accession 20200228-5231, Resource Report 1 Fig. 1.A-1 USGS topo route maps, page 32 of 48"
Gulf Run Pipeline (42-in mainline),-93.451748,30.82971,98.87,route vertex at ~MP 98.9,"FERC CP20-70 accession 20200228-5231, Resource Report 1 Fig. 1.A-1 USGS topo route maps, page 32 of 48"
Gulf Run Pipeline (42-in mainline),-93.453654,30.825152,99.21,route vertex at ~MP 99.2,"FERC CP20-70 accession 20200228-5231, Resource Report 1 Fig. 1.A-1 USGS topo route maps, page 32 of 48"
Gulf Run Pipeline (42-in mainline),-93.45374,30.812968,100.05,route vertex at ~MP 100.0,"FERC CP20-70 accession 20200228-5231, Resource Report 1 Fig. 1.A-1 USGS topo route maps, page 32 of 48"
Gulf Run Pipeline (42-in mainline),-93.456487,30.810923,100.26,route vertex at ~MP 100.3,"FERC CP20-70 accession 20200228-5231, Resource Report 1 Fig. 1.A-1 USGS topo route maps, page 32 of 48"
Gulf Run Pipeline (42-in mainline),-93.462017,30.805138,100.78,route vertex at ~MP 100.8,"FERC CP20-70 accession 20200228-5231, Resource Report 1 Fig. 1.A-1 USGS topo route maps, page 32 of 48"
Gulf Run Pipeline (42-in mainline),-93.463275,30.801682,101.03,route vertex at ~MP 101.0,"FERC CP20-70 accession 20200228-5231, Resource Report 1 Fig. 1.A-1 USGS topo route maps, page 33 of 48"
Gulf Run Pipeline (42-in mainline),-93.468159,30.796989,101.46,route vertex at ~MP 101.5,"FERC CP20-70 accession 20200228-5231, Resource Report 1 Fig. 1.A-1 USGS topo route maps, page 33 of 48"
Gulf Run Pipeline (42-in mainline),-93.46832,30.771081,103.25,route vertex at ~MP 103.2,"FERC CP20-70 accession 20200228-5231, Resource Report 1 Fig. 1.A-1 USGS topo route maps, page 33 of 48"
Gulf Run Pipeline (42-in mainline),-93.468746,30.770227,103.31,route vertex at ~MP 103.3,"FERC CP20-70 accession 20200228-5231, Resource Report 1 Fig. 1.A-1 USGS topo route maps, page 33 of 48"
Gulf Run Pipeline (42-in mainline),-93.468606,30.752328,104.55,route vertex at ~MP 104.5,"FERC CP20-70 accession 20200228-5231, Resource Report 1 Fig. 1.A-1 USGS topo route maps, page 33 of 48"
Gulf Run Pipeline (42-in mainline),-93.470005,30.748583,104.82,route vertex at ~MP 104.8,"FERC CP20-70 accession 20200228-5231, Resource Report 1 Fig. 1.A-1 USGS topo route maps, page 33 of 48"
Gulf Run Pipeline (42-in mainline),-93.470058,30.739768,105.43,route vertex at ~MP 105.4,"FERC CP20-70 accession 20200228-5231, Resource Report 1 Fig. 1.A-1 USGS topo route maps, page 34 of 48"
Gulf Run Pipeline (42-in mainline),-93.488121,30.719556,107.19,route vertex at ~MP 107.2,"FERC CP20-70 accession 20200228-5231, Resource Report 1 Fig. 1.A-1 USGS topo route maps, page 34 of 48"
Gulf Run Pipeline (42-in mainline),-93.491976,30.71389,107.64,route vertex at ~MP 107.6,"FERC CP20-70 accession 20200228-5231, Resource Report 1 Fig. 1.A-1 USGS topo route maps, page 34 of 48"
Gulf Run Pipeline (42-in mainline),-93.492706,30.713245,107.7,MLV #6,"FERC CP20-70 accession 20200228-5231, Resource Report 1 Fig. 1.A-1 USGS topo route maps, page 34 of 48; RR1 text"
Gulf Run Pipeline (42-in mainline),-93.493244,30.712702,107.75,route vertex at ~MP 107.7,"FERC CP20-70 accession 20200228-5231, Resource Report 1 Fig. 1.A-1 USGS topo route maps, page 34 of 48"
Gulf Run Pipeline (42-in mainline),-93.496674,30.702214,108.5,route vertex at ~MP 108.5,"FERC CP20-70 accession 20200228-5231, Resource Report 1 Fig. 1.A-1 USGS topo route maps, page 34 of 48"
Gulf Run Pipeline (42-in mainline),-93.511074,30.663375,111.31,route vertex at ~MP 111.3,"FERC CP20-70 accession 20200228-5231, Resource Report 1 Fig. 1.A-1 USGS topo route maps, page 35 of 48"
Gulf Run Pipeline (42-in mainline),-93.524148,30.633572,113.5,route vertex at ~MP 113.5,"FERC CP20-70 accession 20200228-5231, Resource Report 1 Fig. 1.A-1 USGS topo route maps, page 36 of 48"
Gulf Run Pipeline (42-in mainline),-93.525078,30.629017,113.82,route vertex at ~MP 113.8,"FERC CP20-70 accession 20200228-5231, Resource Report 1 Fig. 1.A-1 USGS topo route maps, page 36 of 48"
Gulf Run Pipeline (42-in mainline),-93.544692,30.594452,116.47,route vertex at ~MP 116.5,"FERC CP20-70 accession 20200228-5231, Resource Report 1 Fig. 1.A-1 USGS topo route maps, page 37 of 48"
Gulf Run Pipeline (42-in mainline),-93.564475,30.562457,118.97,route vertex at ~MP 119.0,"FERC CP20-70 accession 20200228-5231, Resource Report 1 Fig. 1.A-1 USGS topo route maps, page 37 of 48"
Gulf Run Pipeline (42-in mainline),-93.585013,30.537009,121.11,route vertex at ~MP 121.1,"FERC CP20-70 accession 20200228-5231, Resource Report 1 Fig. 1.A-1 USGS topo route maps, page 38 of 48"
Gulf Run Pipeline (42-in mainline),-93.58755,30.513635,122.73,route vertex at ~MP 122.7,"FERC CP20-70 accession 20200228-5231, Resource Report 1 Fig. 1.A-1 USGS topo route maps, page 39 of 48"
Gulf Run Pipeline (42-in mainline),-93.58846,30.509079,123.05,route vertex at ~MP 123.0,"FERC CP20-70 accession 20200228-5231, Resource Report 1 Fig. 1.A-1 USGS topo route maps, page 39 of 48"
Gulf Run Pipeline (42-in mainline),-93.587941,30.508457,123.1,MLV #7,"FERC CP20-70 accession 20200228-5231, Resource Report 1 Fig. 1.A-1 USGS topo route maps, page 39 of 48; RR1 text"
Gulf Run Pipeline (42-in mainline),-93.582746,30.504429,123.52,route vertex at ~MP 123.5,"FERC CP20-70 accession 20200228-5231, Resource Report 1 Fig. 1.A-1 USGS topo route maps, page 39 of 48"
Gulf Run Pipeline (42-in mainline),-93.581971,30.502273,123.67,route vertex at ~MP 123.7,"FERC CP20-70 accession 20200228-5231, Resource Report 1 Fig. 1.A-1 USGS topo route maps, page 39 of 48"
Gulf Run Pipeline (42-in mainline),-93.581301,30.501795,123.72,route vertex at ~MP 123.7,"FERC CP20-70 accession 20200228-5231, Resource Report 1 Fig. 1.A-1 USGS topo route maps, page 39 of 48"
Gulf Run Pipeline (42-in mainline),-93.574938,30.479587,125.3,Bear Head Creek open cut (EA),"FERC CP20-70 accession 20200228-5231, Resource Report 1 Fig. 1.A-1 USGS topo route maps, page 40 of 48; EA CP20-68/-70 (Oct 2020)"
Gulf Run Pipeline (42-in mainline),-93.574526,30.478428,125.38,route vertex at ~MP 125.4,"FERC CP20-70 accession 20200228-5231, Resource Report 1 Fig. 1.A-1 USGS topo route maps, page 40 of 48"
Gulf Run Pipeline (42-in mainline),-93.574397,30.472625,125.78,route vertex at ~MP 125.8,"FERC CP20-70 accession 20200228-5231, Resource Report 1 Fig. 1.A-1 USGS topo route maps, page 40 of 48"
Gulf Run Pipeline (42-in mainline),-93.573738,30.471363,125.88,route vertex at ~MP 125.9,"FERC CP20-70 accession 20200228-5231, Resource Report 1 Fig. 1.A-1 USGS topo route maps, page 40 of 48"
Gulf Run Pipeline (42-in mainline),-93.573596,30.466,126.25,route vertex at ~MP 126.2,"FERC CP20-70 accession 20200228-5231, Resource Report 1 Fig. 1.A-1 USGS topo route maps, page 40 of 48"
Gulf Run Pipeline (42-in mainline),-93.5745,30.4442,127.75,route vertex at ~MP 127.8,"FERC CP20-70 accession 20200228-5231, Resource Report 1 Fig. 1.A-1 USGS topo route maps, page 40 of 48"
Gulf Run Pipeline (42-in mainline),-93.579948,30.431792,128.67,route vertex at ~MP 128.7,"FERC CP20-70 accession 20200228-5231, Resource Report 1 Fig. 1.A-1 USGS topo route maps, page 40 of 48"
Gulf Run Pipeline (42-in mainline),-93.583468,30.4286,128.97,route vertex at ~MP 129.0,"FERC CP20-70 accession 20200228-5231, Resource Report 1 Fig. 1.A-1 USGS topo route maps, page 40 of 48"
Gulf Run Pipeline (42-in mainline),-93.584827,30.424991,129.23,route vertex at ~MP 129.2,"FERC CP20-70 accession 20200228-5231, Resource Report 1 Fig. 1.A-1 USGS topo route maps, page 43 of 48"
Gulf Run Pipeline (42-in mainline),-93.587901,30.413604,130.04,route vertex at ~MP 130.0,"FERC CP20-70 accession 20200228-5231, Resource Report 1 Fig. 1.A-1 USGS topo route maps, page 43 of 48"
Gulf Run Pipeline (42-in mainline),-93.590229,30.402696,130.8,Beauregard-Calcasieu parish line (RR1 Table 1.4-1),"FERC CP20-70 accession 20200228-5231, Resource Report 1 Fig. 1.A-1 USGS topo route maps, page 43 of 48; RR1 text"
Gulf Run Pipeline (42-in mainline),-93.592083,30.394072,131.4,route vertex at ~MP 131.4,"FERC CP20-70 accession 20200228-5231, Resource Report 1 Fig. 1.A-1 USGS topo route maps, page 43 of 48"
Gulf Run Pipeline (42-in mainline),-93.602694,30.383822,132.35,route vertex at ~MP 132.4,"FERC CP20-70 accession 20200228-5231, Resource Report 1 Fig. 1.A-1 USGS topo route maps, page 44 of 48"
Gulf Run Pipeline (42-in mainline),-93.602765,30.380243,132.6,"Green Island Marsh HDD (EA Table A-1, MP 132.4-132.9)","FERC CP20-70 accession 20200228-5231, Resource Report 1 Fig. 1.A-1 USGS topo route maps, page 44 of 48; EA CP20-68/-70 (Oct 2020)"
Gulf Run Pipeline (42-in mainline),-93.602893,30.361928,133.86,route vertex at ~MP 133.9,"FERC CP20-70 accession 20200228-5231, Resource Report 1 Fig. 1.A-1 USGS topo route maps, page 44 of 48"
Gulf Run Pipeline (42-in mainline),-93.602418,30.359455,134.0,MP 134.0 GPPL Meter Station / delivery to Golden Pass Pipeline near Starks (RR1 Table 1.4-2),"FERC CP20-70 accession 20200228-5231, Resource Report 1 Fig. 1.A-1 USGS topo route maps, page 44 of 48; RR1 text"
"Line CP (42-in, acquired from EGT Dec 2022)",-94.245986,32.170301,,"Line CP west end in Panola Co., TX (Carthage hub area) per Figure 1","FERC EA for CP20-68/CP20-70 (Oct 2020, cms.ferc.gov), Figure 1 Project Location Map p.4 (PDF p.16), georeferenced (Web Mercator affine, 10 GCPs, RMS ~1 km)"
"Line CP (42-in, acquired from EGT Dec 2022)",-94.227684,32.194323,,"Figure 1 blue Line CP centreline pixel (180,386)","FERC EA for CP20-68/CP20-70 (Oct 2020, cms.ferc.gov), Figure 1 Project Location Map p.4 (PDF p.16), georeferenced (Web Mercator affine, 10 GCPs, RMS ~1 km)"
"Line CP (42-in, acquired from EGT Dec 2022)",-94.20688,32.212402,,"Figure 1 blue Line CP centreline pixel (190,377)","FERC EA for CP20-68/CP20-70 (Oct 2020, cms.ferc.gov), Figure 1 Project Location Map p.4 (PDF p.16), georeferenced (Web Mercator affine, 10 GCPs, RMS ~1 km)"
"Line CP (42-in, acquired from EGT Dec 2022)",-94.194166,32.219475,,"Figure 1 blue Line CP centreline pixel (195,374)","FERC EA for CP20-68/CP20-70 (Oct 2020, cms.ferc.gov), Figure 1 Project Location Map p.4 (PDF p.16), georeferenced (Web Mercator affine, 10 GCPs, RMS ~1 km)"
"Line CP (42-in, acquired from EGT Dec 2022)",-94.173161,32.209738,,"Figure 1 blue Line CP centreline pixel (204,378)","FERC EA for CP20-68/CP20-70 (Oct 2020, cms.ferc.gov), Figure 1 Project Location Map p.4 (PDF p.16), georeferenced (Web Mercator affine, 10 GCPs, RMS ~1 km)"
"Line CP (42-in, acquired from EGT Dec 2022)",-94.145307,32.212979,,"Figure 1 blue Line CP centreline pixel (216,377)","FERC EA for CP20-68/CP20-70 (Oct 2020, cms.ferc.gov), Figure 1 Project Location Map p.4 (PDF p.16), georeferenced (Web Mercator affine, 10 GCPs, RMS ~1 km)"
"Line CP (42-in, acquired from EGT Dec 2022)",-94.117425,32.213241,,"Figure 1 blue Line CP centreline pixel (228,377)","FERC EA for CP20-68/CP20-70 (Oct 2020, cms.ferc.gov), Figure 1 Project Location Map p.4 (PDF p.16), georeferenced (Web Mercator affine, 10 GCPs, RMS ~1 km)"
"Line CP (42-in, acquired from EGT Dec 2022)",-94.089544,32.213503,,"Figure 1 blue Line CP centreline pixel (240,377)","FERC EA for CP20-68/CP20-70 (Oct 2020, cms.ferc.gov), Figure 1 Project Location Map p.4 (PDF p.16), georeferenced (Web Mercator affine, 10 GCPs, RMS ~1 km)"
"Line CP (42-in, acquired from EGT Dec 2022)",-94.06169,32.216744,,"Figure 1 blue Line CP centreline pixel (252,376)","FERC EA for CP20-68/CP20-70 (Oct 2020, cms.ferc.gov), Figure 1 Project Location Map p.4 (PDF p.16), georeferenced (Web Mercator affine, 10 GCPs, RMS ~1 km)"
"Line CP (42-in, acquired from EGT Dec 2022)",-94.033827,32.218992,,"Figure 1 blue Line CP centreline pixel (264,374)","FERC EA for CP20-68/CP20-70 (Oct 2020, cms.ferc.gov), Figure 1 Project Location Map p.4 (PDF p.16), georeferenced (Web Mercator affine, 10 GCPs, RMS ~1 km)"
"Line CP (42-in, acquired from EGT Dec 2022)",-94.005926,32.217267,,"Figure 1 blue Line CP centreline pixel (276,376)","FERC EA for CP20-68/CP20-70 (Oct 2020, cms.ferc.gov), Figure 1 Project Location Map p.4 (PDF p.16), georeferenced (Web Mercator affine, 10 GCPs, RMS ~1 km)"
"Line CP (42-in, acquired from EGT Dec 2022)",-93.978026,32.215542,,"Figure 1 blue Line CP centreline pixel (288,376)","FERC EA for CP20-68/CP20-70 (Oct 2020, cms.ferc.gov), Figure 1 Project Location Map p.4 (PDF p.16), georeferenced (Web Mercator affine, 10 GCPs, RMS ~1 km)"
"Line CP (42-in, acquired from EGT Dec 2022)",-93.950144,32.215804,,"Figure 1 blue Line CP centreline pixel (300,376)","FERC EA for CP20-68/CP20-70 (Oct 2020, cms.ferc.gov), Figure 1 Project Location Map p.4 (PDF p.16), georeferenced (Web Mercator affine, 10 GCPs, RMS ~1 km)"
"Line CP (42-in, acquired from EGT Dec 2022)",-93.922253,32.215072,,"Figure 1 blue Line CP centreline pixel (312,377)","FERC EA for CP20-68/CP20-70 (Oct 2020, cms.ferc.gov), Figure 1 Project Location Map p.4 (PDF p.16), georeferenced (Web Mercator affine, 10 GCPs, RMS ~1 km)"
"Line CP (42-in, acquired from EGT Dec 2022)",-93.894362,32.21434,,"Figure 1 blue Line CP centreline pixel (324,378)","FERC EA for CP20-68/CP20-70 (Oct 2020, cms.ferc.gov), Figure 1 Project Location Map p.4 (PDF p.16), georeferenced (Web Mercator affine, 10 GCPs, RMS ~1 km)"
"Line CP (42-in, acquired from EGT Dec 2022)",-93.866461,32.212615,,"Figure 1 blue Line CP centreline pixel (336,378)","FERC EA for CP20-68/CP20-70 (Oct 2020, cms.ferc.gov), Figure 1 Project Location Map p.4 (PDF p.16), georeferenced (Web Mercator affine, 10 GCPs, RMS ~1 km)"
"Line CP (42-in, acquired from EGT Dec 2022)",-93.838552,32.209897,,"Figure 1 blue Line CP centreline pixel (348,380)","FERC EA for CP20-68/CP20-70 (Oct 2020, cms.ferc.gov), Figure 1 Project Location Map p.4 (PDF p.16), georeferenced (Web Mercator affine, 10 GCPs, RMS ~1 km)"
"Line CP (42-in, acquired from EGT Dec 2022)",-93.810651,32.208172,,"Figure 1 blue Line CP centreline pixel (360,381)","FERC EA for CP20-68/CP20-70 (Oct 2020, cms.ferc.gov), Figure 1 Project Location Map p.4 (PDF p.16), georeferenced (Web Mercator affine, 10 GCPs, RMS ~1 km)"
"Line CP (42-in, acquired from EGT Dec 2022)",-93.782816,32.2134,,"Figure 1 blue Line CP centreline pixel (372,378)","FERC EA for CP20-68/CP20-70 (Oct 2020, cms.ferc.gov), Figure 1 Project Location Map p.4 (PDF p.16), georeferenced (Web Mercator affine, 10 GCPs, RMS ~1 km)"
"Line CP (42-in, acquired from EGT Dec 2022)",-93.754989,32.219456,,"Figure 1 blue Line CP centreline pixel (384,376)","FERC EA for CP20-68/CP20-70 (Oct 2020, cms.ferc.gov), Figure 1 Project Location Map p.4 (PDF p.16), georeferenced (Web Mercator affine, 10 GCPs, RMS ~1 km)"
"Line CP (42-in, acquired from EGT Dec 2022)",-93.727358,32.235068,,"Figure 1 blue Line CP centreline pixel (396,368) (shifted 79 m toward station anchor)","FERC EA for CP20-68/CP20-70 (Oct 2020, cms.ferc.gov), Figure 1 Project Location Map p.4 (PDF p.16), georeferenced (Web Mercator affine, 10 GCPs, RMS ~1 km)"
"Line CP (42-in, acquired from EGT Dec 2022)",-93.699663,32.231906,,"Figure 1 blue Line CP centreline pixel (408,368) (shifted 239 m toward station anchor)","FERC EA for CP20-68/CP20-70 (Oct 2020, cms.ferc.gov), Figure 1 Project Location Map p.4 (PDF p.16), georeferenced (Web Mercator affine, 10 GCPs, RMS ~1 km)"
"Line CP (42-in, acquired from EGT Dec 2022)",-93.671977,32.229739,,"Figure 1 blue Line CP centreline pixel (420,369) (shifted 400 m toward station anchor)","FERC EA for CP20-68/CP20-70 (Oct 2020, cms.ferc.gov), Figure 1 Project Location Map p.4 (PDF p.16), georeferenced (Web Mercator affine, 10 GCPs, RMS ~1 km)"
"Line CP (42-in, acquired from EGT Dec 2022)",-93.64431,32.229559,,"Figure 1 blue Line CP centreline pixel (432,368) (shifted 560 m toward station anchor)","FERC EA for CP20-68/CP20-70 (Oct 2020, cms.ferc.gov), Figure 1 Project Location Map p.4 (PDF p.16), georeferenced (Web Mercator affine, 10 GCPs, RMS ~1 km)"
"Line CP (42-in, acquired from EGT Dec 2022)",-93.616626,32.227392,,"Figure 1 blue Line CP centreline pixel (444,369) (shifted 720 m toward station anchor)","FERC EA for CP20-68/CP20-70 (Oct 2020, cms.ferc.gov), Figure 1 Project Location Map p.4 (PDF p.16), georeferenced (Web Mercator affine, 10 GCPs, RMS ~1 km)"
"Line CP (42-in, acquired from EGT Dec 2022)",-93.588895,32.219209,,"Figure 1 blue Line CP centreline pixel (456,372) (shifted 887 m toward station anchor)","FERC EA for CP20-68/CP20-70 (Oct 2020, cms.ferc.gov), Figure 1 Project Location Map p.4 (PDF p.16), georeferenced (Web Mercator affine, 10 GCPs, RMS ~1 km)"
"Line CP (42-in, acquired from EGT Dec 2022)",-93.561145,32.207985,,"Figure 1 blue Line CP centreline pixel (468,378) (shifted 1060 m toward station anchor)","FERC EA for CP20-68/CP20-70 (Oct 2020, cms.ferc.gov), Figure 1 Project Location Map p.4 (PDF p.16), georeferenced (Web Mercator affine, 10 GCPs, RMS ~1 km)"
"Line CP (42-in, acquired from EGT Dec 2022)",-93.533463,32.205818,,"Figure 1 blue Line CP centreline pixel (480,378) (shifted 1220 m toward station anchor)","FERC EA for CP20-68/CP20-70 (Oct 2020, cms.ferc.gov), Figure 1 Project Location Map p.4 (PDF p.16), georeferenced (Web Mercator affine, 10 GCPs, RMS ~1 km)"
"Line CP (42-in, acquired from EGT Dec 2022)",-93.48147,32.19764,,"Westdale Compressor Station, Line CP MP 49.4 (junction with Gulf Run MP 0)",EPA FRS 110063950087; RR1 Table 1.4-3
"Line CP (42-in, acquired from EGT Dec 2022)",-93.428807,32.194875,,"Figure 1 blue Line CP centreline pixel (525,384) (shifted 1221 m toward station anchor)","FERC EA for CP20-68/CP20-70 (Oct 2020, cms.ferc.gov), Figure 1 Project Location Map p.4 (PDF p.16), georeferenced (Web Mercator affine, 10 GCPs, RMS ~1 km)"
"Line CP (42-in, acquired from EGT Dec 2022)",-93.400783,32.204598,,"Figure 1 blue Line CP centreline pixel (537,380) (shifted 1052 m toward station anchor)","FERC EA for CP20-68/CP20-70 (Oct 2020, cms.ferc.gov), Figure 1 Project Location Map p.4 (PDF p.16), georeferenced (Web Mercator affine, 10 GCPs, RMS ~1 km)"
"Line CP (42-in, acquired from EGT Dec 2022)",-93.372771,32.216348,,"Figure 1 blue Line CP centreline pixel (549,375) (shifted 878 m toward station anchor)","FERC EA for CP20-68/CP20-70 (Oct 2020, cms.ferc.gov), Figure 1 Project Location Map p.4 (PDF p.16), georeferenced (Web Mercator affine, 10 GCPs, RMS ~1 km)"
"Line CP (42-in, acquired from EGT Dec 2022)",-93.344753,32.227082,,"Figure 1 blue Line CP centreline pixel (561,370) (shifted 707 m toward station anchor)","FERC EA for CP20-68/CP20-70 (Oct 2020, cms.ferc.gov), Figure 1 Project Location Map p.4 (PDF p.16), georeferenced (Web Mercator affine, 10 GCPs, RMS ~1 km)"
"Line CP (42-in, acquired from EGT Dec 2022)",-93.316732,32.237815,,"Figure 1 blue Line CP centreline pixel (573,366) (shifted 536 m toward station anchor)","FERC EA for CP20-68/CP20-70 (Oct 2020, cms.ferc.gov), Figure 1 Project Location Map p.4 (PDF p.16), georeferenced (Web Mercator affine, 10 GCPs, RMS ~1 km)"
"Line CP (42-in, acquired from EGT Dec 2022)",-93.288718,32.249561,,"Figure 1 blue Line CP centreline pixel (585,361) (shifted 362 m toward station anchor)","FERC EA for CP20-68/CP20-70 (Oct 2020, cms.ferc.gov), Figure 1 Project Location Map p.4 (PDF p.16), georeferenced (Web Mercator affine, 10 GCPs, RMS ~1 km)"
"Line CP (42-in, acquired from EGT Dec 2022)",-93.260689,32.259278,,"Figure 1 blue Line CP centreline pixel (597,357) (shifted 193 m toward station anchor)","FERC EA for CP20-68/CP20-70 (Oct 2020, cms.ferc.gov), Figure 1 Project Location Map p.4 (PDF p.16), georeferenced (Web Mercator affine, 10 GCPs, RMS ~1 km)"
"Line CP (42-in, acquired from EGT Dec 2022)",-93.232631,32.264964,,"Figure 1 blue Line CP centreline pixel (609,355) (shifted 31 m toward station anchor)","FERC EA for CP20-68/CP20-70 (Oct 2020, cms.ferc.gov), Figure 1 Project Location Map p.4 (PDF p.16), georeferenced (Web Mercator affine, 10 GCPs, RMS ~1 km)"
"Line CP (42-in, acquired from EGT Dec 2022)",-93.204784,32.27344,,"Figure 1 blue Line CP centreline pixel (621,351)","FERC EA for CP20-68/CP20-70 (Oct 2020, cms.ferc.gov), Figure 1 Project Location Map p.4 (PDF p.16), georeferenced (Web Mercator affine, 10 GCPs, RMS ~1 km)"
"Line CP (42-in, acquired from EGT Dec 2022)",-93.177005,32.284621,,"Figure 1 blue Line CP centreline pixel (633,346)","FERC EA for CP20-68/CP20-70 (Oct 2020, cms.ferc.gov), Figure 1 Project Location Map p.4 (PDF p.16), georeferenced (Web Mercator affine, 10 GCPs, RMS ~1 km)"
"Line CP (42-in, acquired from EGT Dec 2022)",-93.149207,32.293814,,"Figure 1 blue Line CP centreline pixel (645,341)","FERC EA for CP20-68/CP20-70 (Oct 2020, cms.ferc.gov), Figure 1 Project Location Map p.4 (PDF p.16), georeferenced (Web Mercator affine, 10 GCPs, RMS ~1 km)"
"Line CP (42-in, acquired from EGT Dec 2022)",-93.121316,32.293083,,"Figure 1 blue Line CP centreline pixel (657,342)","FERC EA for CP20-68/CP20-70 (Oct 2020, cms.ferc.gov), Figure 1 Project Location Map p.4 (PDF p.16), georeferenced (Web Mercator affine, 10 GCPs, RMS ~1 km)"
"Line CP (42-in, acquired from EGT Dec 2022)",-93.093434,32.293345,,"Figure 1 blue Line CP centreline pixel (669,342)","FERC EA for CP20-68/CP20-70 (Oct 2020, cms.ferc.gov), Figure 1 Project Location Map p.4 (PDF p.16), georeferenced (Web Mercator affine, 10 GCPs, RMS ~1 km)"
"Line CP (42-in, acquired from EGT Dec 2022)",-93.065553,32.293606,,"Figure 1 blue Line CP centreline pixel (681,342)","FERC EA for CP20-68/CP20-70 (Oct 2020, cms.ferc.gov), Figure 1 Project Location Map p.4 (PDF p.16), georeferenced (Web Mercator affine, 10 GCPs, RMS ~1 km)"
"Line CP (42-in, acquired from EGT Dec 2022)",-93.037661,32.292875,,"Figure 1 blue Line CP centreline pixel (693,342)","FERC EA for CP20-68/CP20-70 (Oct 2020, cms.ferc.gov), Figure 1 Project Location Map p.4 (PDF p.16), georeferenced (Web Mercator affine, 10 GCPs, RMS ~1 km)"
"Line CP (42-in, acquired from EGT Dec 2022)",-93.009761,32.291151,,"Figure 1 blue Line CP centreline pixel (705,343)","FERC EA for CP20-68/CP20-70 (Oct 2020, cms.ferc.gov), Figure 1 Project Location Map p.4 (PDF p.16), georeferenced (Web Mercator affine, 10 GCPs, RMS ~1 km)"
"Line CP (42-in, acquired from EGT Dec 2022)",-92.981851,32.288435,,"Figure 1 blue Line CP centreline pixel (717,344)","FERC EA for CP20-68/CP20-70 (Oct 2020, cms.ferc.gov), Figure 1 Project Location Map p.4 (PDF p.16), georeferenced (Web Mercator affine, 10 GCPs, RMS ~1 km)"
"Line CP (42-in, acquired from EGT Dec 2022)",-92.95396,32.287704,,"Figure 1 blue Line CP centreline pixel (729,345)","FERC EA for CP20-68/CP20-70 (Oct 2020, cms.ferc.gov), Figure 1 Project Location Map p.4 (PDF p.16), georeferenced (Web Mercator affine, 10 GCPs, RMS ~1 km)"
"Line CP (42-in, acquired from EGT Dec 2022)",-92.926069,32.286973,,"Figure 1 blue Line CP centreline pixel (741,346)","FERC EA for CP20-68/CP20-70 (Oct 2020, cms.ferc.gov), Figure 1 Project Location Map p.4 (PDF p.16), georeferenced (Web Mercator affine, 10 GCPs, RMS ~1 km)"
"Line CP (42-in, acquired from EGT Dec 2022)",-92.898168,32.285249,,"Figure 1 blue Line CP centreline pixel (753,346)","FERC EA for CP20-68/CP20-70 (Oct 2020, cms.ferc.gov), Figure 1 Project Location Map p.4 (PDF p.16), georeferenced (Web Mercator affine, 10 GCPs, RMS ~1 km)"
"Line CP (42-in, acquired from EGT Dec 2022)",-92.870268,32.283473,,"Figure 1 blue Line CP centreline pixel (765,348) (shifted 6 m toward station anchor)","FERC EA for CP20-68/CP20-70 (Oct 2020, cms.ferc.gov), Figure 1 Project Location Map p.4 (PDF p.16), georeferenced (Web Mercator affine, 10 GCPs, RMS ~1 km)"
"Line CP (42-in, acquired from EGT Dec 2022)",-92.842377,32.282668,,"Figure 1 blue Line CP centreline pixel (777,348) (shifted 14 m toward station anchor)","FERC EA for CP20-68/CP20-70 (Oct 2020, cms.ferc.gov), Figure 1 Project Location Map p.4 (PDF p.16), georeferenced (Web Mercator affine, 10 GCPs, RMS ~1 km)"
"Line CP (42-in, acquired from EGT Dec 2022)",-92.814485,32.281863,,"Figure 1 blue Line CP centreline pixel (789,348) (shifted 22 m toward station anchor)","FERC EA for CP20-68/CP20-70 (Oct 2020, cms.ferc.gov), Figure 1 Project Location Map p.4 (PDF p.16), georeferenced (Web Mercator affine, 10 GCPs, RMS ~1 km)"
"Line CP (42-in, acquired from EGT Dec 2022)",-92.786594,32.281058,,"Figure 1 blue Line CP centreline pixel (801,349) (shifted 30 m toward station anchor)","FERC EA for CP20-68/CP20-70 (Oct 2020, cms.ferc.gov), Figure 1 Project Location Map p.4 (PDF p.16), georeferenced (Web Mercator affine, 10 GCPs, RMS ~1 km)"
"Line CP (42-in, acquired from EGT Dec 2022)",-92.758713,32.281246,,"Figure 1 blue Line CP centreline pixel (813,349) (shifted 39 m toward station anchor)","FERC EA for CP20-68/CP20-70 (Oct 2020, cms.ferc.gov), Figure 1 Project Location Map p.4 (PDF p.16), georeferenced (Web Mercator affine, 10 GCPs, RMS ~1 km)"
"Line CP (42-in, acquired from EGT Dec 2022)",-92.730887,32.287387,,"Figure 1 blue Line CP centreline pixel (825,346) (shifted 47 m toward station anchor)","FERC EA for CP20-68/CP20-70 (Oct 2020, cms.ferc.gov), Figure 1 Project Location Map p.4 (PDF p.16), georeferenced (Web Mercator affine, 10 GCPs, RMS ~1 km)"
"Line CP (42-in, acquired from EGT Dec 2022)",-92.702986,32.285589,,"Figure 1 blue Line CP centreline pixel (837,347) (shifted 55 m toward station anchor)","FERC EA for CP20-68/CP20-70 (Oct 2020, cms.ferc.gov), Figure 1 Project Location Map p.4 (PDF p.16), georeferenced (Web Mercator affine, 10 GCPs, RMS ~1 km)"
"Line CP (42-in, acquired from EGT Dec 2022)",-92.675151,32.290737,,"Figure 1 blue Line CP centreline pixel (849,344) (shifted 64 m toward station anchor)","FERC EA for CP20-68/CP20-70 (Oct 2020, cms.ferc.gov), Figure 1 Project Location Map p.4 (PDF p.16), georeferenced (Web Mercator affine, 10 GCPs, RMS ~1 km)"
"Line CP (42-in, acquired from EGT Dec 2022)",-92.626216,32.290578,,"Vernon Compressor Station, Line CP MP 101.3, Jackson Parish",EPA FRS 110071161362 (agrees with Fig.1 green dot to 0.2 km); RR1 Table 1.4-3
"Line CP (42-in, acquired from EGT Dec 2022)",-92.577557,32.290658,,"Figure 1 blue Line CP centreline pixel (891,345) (shifted 64 m toward station anchor)","FERC EA for CP20-68/CP20-70 (Oct 2020, cms.ferc.gov), Figure 1 Project Location Map p.4 (PDF p.16), georeferenced (Web Mercator affine, 10 GCPs, RMS ~1 km)"
"Line CP (42-in, acquired from EGT Dec 2022)",-92.549675,32.290994,,"Figure 1 blue Line CP centreline pixel (903,345) (shifted 55 m toward station anchor)","FERC EA for CP20-68/CP20-70 (Oct 2020, cms.ferc.gov), Figure 1 Project Location Map p.4 (PDF p.16), georeferenced (Web Mercator affine, 10 GCPs, RMS ~1 km)"
"Line CP (42-in, acquired from EGT Dec 2022)",-92.521812,32.293314,,"Figure 1 blue Line CP centreline pixel (915,344) (shifted 47 m toward station anchor)","FERC EA for CP20-68/CP20-70 (Oct 2020, cms.ferc.gov), Figure 1 Project Location Map p.4 (PDF p.16), georeferenced (Web Mercator affine, 10 GCPs, RMS ~1 km)"
"Line CP (42-in, acquired from EGT Dec 2022)",-92.50105,32.309462,,"Figure 1 blue Line CP centreline pixel (924,336) (shifted 39 m toward station anchor)","FERC EA for CP20-68/CP20-70 (Oct 2020, cms.ferc.gov), Figure 1 Project Location Map p.4 (PDF p.16), georeferenced (Web Mercator affine, 10 GCPs, RMS ~1 km)"
"Line CP (42-in, acquired from EGT Dec 2022)",-92.473253,32.318732,,"Figure 1 blue Line CP centreline pixel (936,332) (shifted 30 m toward station anchor)","FERC EA for CP20-68/CP20-70 (Oct 2020, cms.ferc.gov), Figure 1 Project Location Map p.4 (PDF p.16), georeferenced (Web Mercator affine, 10 GCPs, RMS ~1 km)"
"Line CP (42-in, acquired from EGT Dec 2022)",-92.445371,32.319067,,"Figure 1 blue Line CP centreline pixel (948,332) (shifted 22 m toward station anchor)","FERC EA for CP20-68/CP20-70 (Oct 2020, cms.ferc.gov), Figure 1 Project Location Map p.4 (PDF p.16), georeferenced (Web Mercator affine, 10 GCPs, RMS ~1 km)"
"Line CP (42-in, acquired from EGT Dec 2022)",-92.417488,32.319402,,"Figure 1 blue Line CP centreline pixel (960,332) (shifted 14 m toward station anchor)","FERC EA for CP20-68/CP20-70 (Oct 2020, cms.ferc.gov), Figure 1 Project Location Map p.4 (PDF p.16), georeferenced (Web Mercator affine, 10 GCPs, RMS ~1 km)"
"Line CP (42-in, acquired from EGT Dec 2022)",-92.389597,32.318745,,"Figure 1 blue Line CP centreline pixel (972,332) (shifted 6 m toward station anchor)","FERC EA for CP20-68/CP20-70 (Oct 2020, cms.ferc.gov), Figure 1 Project Location Map p.4 (PDF p.16), georeferenced (Web Mercator affine, 10 GCPs, RMS ~1 km)"
"Line CP (42-in, acquired from EGT Dec 2022)",-92.361715,32.319058,,"Figure 1 blue Line CP centreline pixel (984,332)","FERC EA for CP20-68/CP20-70 (Oct 2020, cms.ferc.gov), Figure 1 Project Location Map p.4 (PDF p.16), georeferenced (Web Mercator affine, 10 GCPs, RMS ~1 km)"
"Line CP (42-in, acquired from EGT Dec 2022)",-92.333834,32.319319,,"Figure 1 blue Line CP centreline pixel (996,332)","FERC EA for CP20-68/CP20-70 (Oct 2020, cms.ferc.gov), Figure 1 Project Location Map p.4 (PDF p.16), georeferenced (Web Mercator affine, 10 GCPs, RMS ~1 km)"
"Line CP (42-in, acquired from EGT Dec 2022)",-92.305952,32.31958,,"Figure 1 blue Line CP centreline pixel (1008,332)","FERC EA for CP20-68/CP20-70 (Oct 2020, cms.ferc.gov), Figure 1 Project Location Map p.4 (PDF p.16), georeferenced (Web Mercator affine, 10 GCPs, RMS ~1 km)"
"Line CP (42-in, acquired from EGT Dec 2022)",-92.27807,32.319842,,"Figure 1 blue Line CP centreline pixel (1020,332)","FERC EA for CP20-68/CP20-70 (Oct 2020, cms.ferc.gov), Figure 1 Project Location Map p.4 (PDF p.16), georeferenced (Web Mercator affine, 10 GCPs, RMS ~1 km)"
"Line CP (42-in, acquired from EGT Dec 2022)",-92.250179,32.319111,,"Figure 1 blue Line CP centreline pixel (1032,332)","FERC EA for CP20-68/CP20-70 (Oct 2020, cms.ferc.gov), Figure 1 Project Location Map p.4 (PDF p.16), georeferenced (Web Mercator affine, 10 GCPs, RMS ~1 km)"
"Line CP (42-in, acquired from EGT Dec 2022)",-92.222297,32.319372,,"Figure 1 blue Line CP centreline pixel (1044,332)","FERC EA for CP20-68/CP20-70 (Oct 2020, cms.ferc.gov), Figure 1 Project Location Map p.4 (PDF p.16), georeferenced (Web Mercator affine, 10 GCPs, RMS ~1 km)"
"Line CP (42-in, acquired from EGT Dec 2022)",-92.194415,32.319633,,"Figure 1 blue Line CP centreline pixel (1056,332)","FERC EA for CP20-68/CP20-70 (Oct 2020, cms.ferc.gov), Figure 1 Project Location Map p.4 (PDF p.16), georeferenced (Web Mercator affine, 10 GCPs, RMS ~1 km)"
"Line CP (42-in, acquired from EGT Dec 2022)",-92.166533,32.319894,,"Figure 1 blue Line CP centreline pixel (1068,332)","FERC EA for CP20-68/CP20-70 (Oct 2020, cms.ferc.gov), Figure 1 Project Location Map p.4 (PDF p.16), georeferenced (Web Mercator affine, 10 GCPs, RMS ~1 km)"
"Line CP (42-in, acquired from EGT Dec 2022)",-92.138698,32.325116,,"Figure 1 blue Line CP centreline pixel (1080,330)","FERC EA for CP20-68/CP20-70 (Oct 2020, cms.ferc.gov), Figure 1 Project Location Map p.4 (PDF p.16), georeferenced (Web Mercator affine, 10 GCPs, RMS ~1 km)"
"Line CP (42-in, acquired from EGT Dec 2022)",-92.110817,32.325378,,"Figure 1 blue Line CP centreline pixel (1092,330)","FERC EA for CP20-68/CP20-70 (Oct 2020, cms.ferc.gov), Figure 1 Project Location Map p.4 (PDF p.16), georeferenced (Web Mercator affine, 10 GCPs, RMS ~1 km)"
"Line CP (42-in, acquired from EGT Dec 2022)",-92.082869,32.318694,,"Figure 1 blue Line CP centreline pixel (1104,334)","FERC EA for CP20-68/CP20-70 (Oct 2020, cms.ferc.gov), Figure 1 Project Location Map p.4 (PDF p.16), georeferenced (Web Mercator affine, 10 GCPs, RMS ~1 km)"
"Line CP (42-in, acquired from EGT Dec 2022)",-92.055025,32.322924,,"Figure 1 blue Line CP centreline pixel (1116,332)","FERC EA for CP20-68/CP20-70 (Oct 2020, cms.ferc.gov), Figure 1 Project Location Map p.4 (PDF p.16), georeferenced (Web Mercator affine, 10 GCPs, RMS ~1 km)"
"Line CP (42-in, acquired from EGT Dec 2022)",-92.027134,32.322193,,"Figure 1 blue Line CP centreline pixel (1128,332)","FERC EA for CP20-68/CP20-70 (Oct 2020, cms.ferc.gov), Figure 1 Project Location Map p.4 (PDF p.16), georeferenced (Web Mercator affine, 10 GCPs, RMS ~1 km)"
"Line CP (42-in, acquired from EGT Dec 2022)",-91.999308,32.328407,,"Figure 1 blue Line CP centreline pixel (1140,329)","FERC EA for CP20-68/CP20-70 (Oct 2020, cms.ferc.gov), Figure 1 Project Location Map p.4 (PDF p.16), georeferenced (Web Mercator affine, 10 GCPs, RMS ~1 km)"
"Line CP (42-in, acquired from EGT Dec 2022)",-91.971511,32.337596,,"Figure 1 blue Line CP centreline pixel (1152,324)","FERC EA for CP20-68/CP20-70 (Oct 2020, cms.ferc.gov), Figure 1 Project Location Map p.4 (PDF p.16), georeferenced (Web Mercator affine, 10 GCPs, RMS ~1 km)"
"Line CP (42-in, acquired from EGT Dec 2022)",-91.943657,32.340833,,"Figure 1 blue Line CP centreline pixel (1164,323)","FERC EA for CP20-68/CP20-70 (Oct 2020, cms.ferc.gov), Figure 1 Project Location Map p.4 (PDF p.16), georeferenced (Web Mercator affine, 10 GCPs, RMS ~1 km)"
"Line CP (42-in, acquired from EGT Dec 2022)",-91.915794,32.343078,,"Figure 1 blue Line CP centreline pixel (1176,322)","FERC EA for CP20-68/CP20-70 (Oct 2020, cms.ferc.gov), Figure 1 Project Location Map p.4 (PDF p.16), georeferenced (Web Mercator affine, 10 GCPs, RMS ~1 km)"
"Line CP (42-in, acquired from EGT Dec 2022)",-91.88794,32.346315,,"Figure 1 blue Line CP centreline pixel (1188,320)","FERC EA for CP20-68/CP20-70 (Oct 2020, cms.ferc.gov), Figure 1 Project Location Map p.4 (PDF p.16), georeferenced (Web Mercator affine, 10 GCPs, RMS ~1 km)"
"Line CP (42-in, acquired from EGT Dec 2022)",-91.860105,32.351535,,"Figure 1 blue Line CP centreline pixel (1200,318)","FERC EA for CP20-68/CP20-70 (Oct 2020, cms.ferc.gov), Figure 1 Project Location Map p.4 (PDF p.16), georeferenced (Web Mercator affine, 10 GCPs, RMS ~1 km)"
"Line CP (42-in, acquired from EGT Dec 2022)",-91.832251,32.354772,,"Figure 1 blue Line CP centreline pixel (1212,316)","FERC EA for CP20-68/CP20-70 (Oct 2020, cms.ferc.gov), Figure 1 Project Location Map p.4 (PDF p.16), georeferenced (Web Mercator affine, 10 GCPs, RMS ~1 km)"
"Line CP (42-in, acquired from EGT Dec 2022)",-91.804388,32.357017,,"Figure 1 blue Line CP centreline pixel (1224,316)","FERC EA for CP20-68/CP20-70 (Oct 2020, cms.ferc.gov), Figure 1 Project Location Map p.4 (PDF p.16), georeferenced (Web Mercator affine, 10 GCPs, RMS ~1 km)"
"Line CP (42-in, acquired from EGT Dec 2022)",-91.776553,32.362236,,"Figure 1 blue Line CP centreline pixel (1236,313)","FERC EA for CP20-68/CP20-70 (Oct 2020, cms.ferc.gov), Figure 1 Project Location Map p.4 (PDF p.16), georeferenced (Web Mercator affine, 10 GCPs, RMS ~1 km)"
"Line CP (42-in, acquired from EGT Dec 2022)",-91.748775,32.373405,,"Figure 1 blue Line CP centreline pixel (1248,308)","FERC EA for CP20-68/CP20-70 (Oct 2020, cms.ferc.gov), Figure 1 Project Location Map p.4 (PDF p.16), georeferenced (Web Mercator affine, 10 GCPs, RMS ~1 km)"
"Line CP (42-in, acquired from EGT Dec 2022)",-91.720986,32.383582,,"Figure 1 blue Line CP centreline pixel (1260,302)","FERC EA for CP20-68/CP20-70 (Oct 2020, cms.ferc.gov), Figure 1 Project Location Map p.4 (PDF p.16), georeferenced (Web Mercator affine, 10 GCPs, RMS ~1 km)"
"Line CP (42-in, acquired from EGT Dec 2022)",-91.700122,32.388735,,"Figure 1 blue Line CP centreline pixel (1269,300)","FERC EA for CP20-68/CP20-70 (Oct 2020, cms.ferc.gov), Figure 1 Project Location Map p.4 (PDF p.16), georeferenced (Web Mercator affine, 10 GCPs, RMS ~1 km)"
"Line CP (42-in, acquired from EGT Dec 2022)",-91.623422,32.43604,,"ANR Meter Station, Line CP MP 164.4, Richland Parish (Fig.1 red dot; RR1 Table 1.4-3)","FERC EA for CP20-68/CP20-70 (Oct 2020, cms.ferc.gov), Figure 1 Project Location Map p.4 (PDF p.16), georeferenced (Web Mercator affine, 10 GCPs, RMS ~1 km)"
"Line CP (42-in, acquired from EGT Dec 2022)",-91.502386,32.414378,,"Line CP terminus: Columbia Gulf / EGT meter stations near Delhi, MP 171.9 (Fig.1 red dot; RR1 Table 1.4-3)","FERC EA for CP20-68/CP20-70 (Oct 2020, cms.ferc.gov), Figure 1 Project Location Map p.4 (PDF p.16), georeferenced (Web Mercator affine, 10 GCPs, RMS ~1 km)"
Line CP west lateral to CP-3 MS (Line ST-1?),-94.196702,32.238077,,"junction with Line CP west end, Panola Co. TX (Fig.1) (shifted 383 m toward station anchor)","FERC EA for CP20-68/CP20-70 (Oct 2020, cms.ferc.gov), Figure 1 Project Location Map p.4 (PDF p.16), georeferenced (Web Mercator affine, 10 GCPs, RMS ~1 km)"
Line CP west lateral to CP-3 MS (Line ST-1?),-94.187347,32.262428,,"Figure 1 blue line pixel (200,353) (shifted 478 m toward station anchor)","FERC EA for CP20-68/CP20-70 (Oct 2020, cms.ferc.gov), Figure 1 Project Location Map p.4 (PDF p.16), georeferenced (Web Mercator affine, 10 GCPs, RMS ~1 km)"
Line CP west lateral to CP-3 MS (Line ST-1?),-94.182602,32.286711,,"Figure 1 blue line pixel (202,341) (shifted 569 m toward station anchor)","FERC EA for CP20-68/CP20-70 (Oct 2020, cms.ferc.gov), Figure 1 Project Location Map p.4 (PDF p.16), georeferenced (Web Mercator affine, 10 GCPs, RMS ~1 km)"
Line CP west lateral to CP-3 MS (Line ST-1?),-94.17095,32.311085,,"Figure 1 blue line pixel (208,329) (shifted 667 m toward station anchor)","FERC EA for CP20-68/CP20-70 (Oct 2020, cms.ferc.gov), Figure 1 Project Location Map p.4 (PDF p.16), georeferenced (Web Mercator affine, 10 GCPs, RMS ~1 km)"
Line CP west lateral to CP-3 MS (Line ST-1?),-94.145459,32.352346,,"CP-3 Meter Station (Line ST-1 / Line CP-3), south of Elysian Fields, Panola Co. TX (Fig.1 red dot; RR1 sec. 1.4.2)","FERC EA for CP20-68/CP20-70 (Oct 2020, cms.ferc.gov), Figure 1 Project Location Map p.4 (PDF p.16), georeferenced (Web Mercator affine, 10 GCPs, RMS ~1 km)"
Line CP west lateral to CP-3 MS (Line ST-1?),-94.123194,32.383134,,"Figure 1 blue line pixel (229,293) (shifted 706 m toward station anchor)","FERC EA for CP20-68/CP20-70 (Oct 2020, cms.ferc.gov), Figure 1 Project Location Map p.4 (PDF p.16), georeferenced (Web Mercator affine, 10 GCPs, RMS ~1 km)"
Line CP west lateral to CP-3 MS (Line ST-1?),-94.116775,32.406577,,"Figure 1 blue line pixel (232,281) (shifted 615 m toward station anchor)","FERC EA for CP20-68/CP20-70 (Oct 2020, cms.ferc.gov), Figure 1 Project Location Map p.4 (PDF p.16), georeferenced (Web Mercator affine, 10 GCPs, RMS ~1 km)"
Line CP west lateral to CP-3 MS (Line ST-1?),-94.102143,32.430053,,"Figure 1 blue line pixel (238,269) (shifted 516 m toward station anchor)","FERC EA for CP20-68/CP20-70 (Oct 2020, cms.ferc.gov), Figure 1 Project Location Map p.4 (PDF p.16), georeferenced (Web Mercator affine, 10 GCPs, RMS ~1 km)"
Line CP west lateral to CP-3 MS (Line ST-1?),-94.085155,32.453528,,"Figure 1 blue line pixel (244,257) (shifted 413 m toward station anchor)","FERC EA for CP20-68/CP20-70 (Oct 2020, cms.ferc.gov), Figure 1 Project Location Map p.4 (PDF p.16), georeferenced (Web Mercator affine, 10 GCPs, RMS ~1 km)"
Line CP west lateral to CP-3 MS (Line ST-1?),-94.083548,32.471073,,"north end near I-20, Harrison Co. TX (Fig.1) (shifted 347 m toward station anchor)","FERC EA for CP20-68/CP20-70 (Oct 2020, cms.ferc.gov), Figure 1 Project Location Map p.4 (PDF p.16), georeferenced (Web Mercator affine, 10 GCPs, RMS ~1 km)"
