id,status,kind,pipeline,ref,name,issue,current,candidate,next_step,opened
GO-01,open,point,gulf_south,22329,Sherman (From Enterprise),Zone GC point: its county is not crossed by any drawn line (the 2020 EIA data has no Gulf Crossing),unresolved.csv; not drawn,,Draw the Gulf Crossing line (FERC hand trace in progress; plan §19.7) then rebuild points: the interconnect/place rules will place it,2026-10-01
GO-02,open,point,gulf_south,22330,Bennington (From Enable Ok),Zone GC point: its county is not crossed by any drawn line (the 2020 EIA data has no Gulf Crossing),unresolved.csv; not drawn,,Draw the Gulf Crossing line (FERC hand trace in progress; plan §19.7) then rebuild points: the interconnect/place rules will place it,2026-10-01
GO-03,open,point,gulf_south,22492,Bennington (From Mark West),Zone GC point: its county is not crossed by any drawn line (the 2020 EIA data has no Gulf Crossing),unresolved.csv; not drawn,,Draw the Gulf Crossing line (FERC hand trace in progress; plan §19.7) then rebuild points: the interconnect/place rules will place it,2026-10-01
GO-04,open,point,gulf_south,23074,Rayburn Energy Station,Zone GC point: its county is not crossed by any drawn line (the 2020 EIA data has no Gulf Crossing),unresolved.csv; not drawn,,Draw the Gulf Crossing line (FERC hand trace in progress; plan §19.7) then rebuild points: the interconnect/place rules will place it,2026-10-01
GO-05,open,point,gulf_south,23160,Enterprise Texas Pipeline Rec,Zone GC point: its county is not crossed by any drawn line (the 2020 EIA data has no Gulf Crossing),unresolved.csv; not drawn,,Draw the Gulf Crossing line (FERC hand trace in progress; plan §19.7) then rebuild points: the interconnect/place rules will place it,2026-10-01
GO-06,open,point,gulf_south,24421,Bennington (From Midship),Zone GC point: its county is not crossed by any drawn line (the 2020 EIA data has no Gulf Crossing),unresolved.csv; not drawn,,Draw the Gulf Crossing line (FERC hand trace in progress; plan §19.7) then rebuild points: the interconnect/place rules will place it,2026-10-01
GO-07,open,point,gulf_south,24583,Kinder Morgan North Texas Lamar County,Zone GC point: its county is not crossed by any drawn line (the 2020 EIA data has no Gulf Crossing),unresolved.csv; not drawn,,Draw the Gulf Crossing line (FERC hand trace in progress; plan §19.7) then rebuild points: the interconnect/place rules will place it,2026-10-01
GO-08,open,point,gulf_south,9500,Tennessee - Greenville Del,Zone KOS point: its county is not crossed by any drawn line (the 2020 EIA data has no Greenville–Kosciusko lateral),unresolved.csv; not drawn,,Draw the Greenville–Kosciusko (zone KOS) line (FERC hand trace in progress) then rebuild points,2026-10-01
GO-09,open,point,gulf_south,9504,Trunkline Burdette Del,Zone KOS point: its county is not crossed by any drawn line (the 2020 EIA data has no Greenville–Kosciusko lateral),unresolved.csv; not drawn,,Draw the Greenville–Kosciusko (zone KOS) line (FERC hand trace in progress) then rebuild points,2026-10-01
GO-10,open,point,gulf_south,9505,Tennessee- (800) Isola Del,Zone KOS point: its county is not crossed by any drawn line (the 2020 EIA data has no Greenville–Kosciusko lateral),unresolved.csv; not drawn,,Draw the Greenville–Kosciusko (zone KOS) line (FERC hand trace in progress) then rebuild points,2026-10-01
GO-11,open,point,gulf_south,9519,Columbia Gulf Isola Del,Zone KOS point: its county is not crossed by any drawn line (the 2020 EIA data has no Greenville–Kosciusko lateral),unresolved.csv; not drawn,,Draw the Greenville–Kosciusko (zone KOS) line (FERC hand trace in progress) then rebuild points,2026-10-01
GO-12,open,point,gulf_south,24471,Butane Injection Stratton Ridge,No public coordinate; the drawn line does not reach Brazoria County (Coastal Bend Header missing),unresolved.csv; not drawn,"Freeport LNG Pretreatment Facility, -95.30867 28.98494 (GHGRP 1013753; imagery-confirmed site of the 24329 feedgas meter); unconfirmed for the butane receipt","Confirm from a Gulf South or Boardwalk Louisiana Midstream map/notice, then add a manual row to points.csv",2026-10-01
GO-13,open,station,gulf_south,gulf_south-ghgrp-1005027,Mira Station (Caddo Parish),"Only coordinate is EPA GHGRP 2023, an address geocode; imagery at it: Rural crossroads; Mira is on Gulf Crossing","drawn at the GHGRP coordinate, check.verdict=unverified",,"Search USGS imagery along the drawn line (scratch chip.mjs recipe, plan §19.7) or an operator map; then set verdict moved/verified in manual/station-checks.csv",2026-10-01
GO-14,open,station,gulf_south,gulf_south-ghgrp-1005028,Paris Station (Lamar Co. TX),"Only coordinate is EPA GHGRP 2023, an address geocode; imagery at it: Road between two industrial compounds; Paris is on Gulf Crossing","drawn at the GHGRP coordinate, check.verdict=unverified",Compound ~650 m east of the GHGRP point looks like a compressor station,"Search USGS imagery along the drawn line (scratch chip.mjs recipe, plan §19.7) or an operator map; then set verdict moved/verified in manual/station-checks.csv",2026-10-01
GO-15,open,station,gulf_south,gulf_south-ghgrp-1014699,Jasper Station (Jasper Co. MS),"Only coordinate is EPA GHGRP 2023, an address geocode; imagery at it: Woods at a road junction","drawn at the GHGRP coordinate, check.verdict=unverified",Small fenced pad ~1.2 km NE at a right-of-way crossing (maybe a meter station),"Search USGS imagery along the drawn line (scratch chip.mjs recipe, plan §19.7) or an operator map; then set verdict moved/verified in manual/station-checks.csv",2026-10-01
GO-16,open,station,gulf_south,gulf_south-ghgrp-1013988,Magasco Station (Sabine Co. TX),"Only coordinate is EPA GHGRP 2023, an address geocode; imagery at it: In Magasco town; nothing visible near the line","drawn at the GHGRP coordinate, check.verdict=unverified",,"Search USGS imagery along the drawn line (scratch chip.mjs recipe, plan §19.7) or an operator map; then set verdict moved/verified in manual/station-checks.csv",2026-10-01
GO-17,open,station,gulf_south,gulf_south-ghgrp-1011947,Rodrigue Station (Assumption Parish),"Only coordinate is EPA GHGRP 2023, an address geocode; imagery at it: Marsh-edge roadside; the drawn line is >4 km away","drawn at the GHGRP coordinate, check.verdict=unverified",,"Search USGS imagery along the drawn line (scratch chip.mjs recipe, plan §19.7) or an operator map; then set verdict moved/verified in manual/station-checks.csv",2026-10-01
GO-18,open,station,gulf_run,gulf_run-alto,Alto Station (Richland Parish),"EPA FRS gives only ""Hwy 135, 0.5 mi E of Alto""; no coordinate",not in stations.json,Two small fenced pads on Line CP just south of an E-W highway near -91.8392 32.3537 (may be meter/valve sites),Confirm from the FERC CP20-68 filings or a closer look; then add it to manual/gulf-run-stations.geojson,2026-10-01
GO-19,open,line,gulf_south,zone GC,Gulf Crossing Pipeline,Absent from the EIA 2020 linework under any operator; Gulf South posts it as zone GC (16 capacity rows),not drawn,,FERC hand trace (running 2026-10-01) into manual/; add as a traced piece of gulf_south,2026-10-01
GO-20,open,line,gulf_south,zone KOS,Greenville–Kosciusko lateral,Not drawn: no EIA 2020 feature reaches Isola or Greenville from Gulf South; posted as zone KOS (11 capacity rows),not drawn,,FERC hand trace (running 2026-10-01) into manual/,2026-10-01
GO-21,open,line,gulf_south,Coastal Bend Header,Coastal Bend Header (Wharton to Brazoria TX),In service 2018 but the drawn 2020 network does not reach Brazoria County; Freeport deliveries float off the line,not drawn,,FERC hand trace from the Coastal Bend Header certificate filings,2026-10-01
GO-22,open,line,gulf_run,Line CP + CP-3 lateral,Line CP accuracy and CP-3 ownership,Line CP traced at ~2.5 km from the EA Figure 1; ownership of the CP-3 lateral north of the meter is uncertain,"drawn, accuracy stated per piece",,Sharpen from a public large-scale map if one exists (the CP06-85 maps are non-internet public: founder call),2026-10-01
GO-23,open,points,both,method=snap_to_line,343 points at their county stretch of line,No public coordinate; placed at the middle of the drawn line inside the posted county (confidence 0.4),drawn with confidence 0.4,,Highest design capacity first: verify by imagery or operator maps and pin as manual rows,2026-10-01
GO-24,open,permission,ngpl,D17.1,NGPL postings (Kinder Morgan),Kinder Morgan terms forbid reproduction without written permission; scripted access is blocked,NGPL not built,,Founder emails Kinder Morgan; on a written yes add NGPL as a config entry,2026-10-01
