pipeline,loc,name,type,flows,county,state,counterparty,design_dth,method,why
gulf_south,9500,Tennessee - Greenville Del,INT,D,Washington,MS,"Tennessee Gas Pipeline Company, L.L.C.",512500,unresolved,"the drawn line does not cross Washington, MS"
gulf_south,9504,Trunkline Burdette Del,INT,D,Washington,MS,"Trunkline Gas Company, LLC",538125,unresolved,"the drawn line does not cross Washington, MS"
gulf_south,9505,Tennessee- (800) Isola Del,INT,D,Humphreys,MS,"Tennessee Gas Pipeline Company, L.L.C.",512500,unresolved,"the drawn line does not cross Humphreys, MS"
gulf_south,9519,Columbia Gulf Isola Del,INT,D,Humphreys,MS,"Columbia Gulf Transmission, LLC",994250,unresolved,"the drawn line does not cross Humphreys, MS"
gulf_south,22329,Sherman (From Enterprise),INT,R,Grayson,TX,Enterprise Texas Pipeline LLC,1500000,unresolved,"the drawn line does not cross Grayson, TX"
gulf_south,22330,Bennington (From Enable Ok),INT,R,Bryan,OK,"Enable Oklahoma Intrastate Transmission, LLC",678456,unresolved,"the drawn line does not cross Bryan, OK"
gulf_south,22492,Bennington (From Mark West),INT,R,Bryan,OK,"Markwest Pioneer, LLC",736324,unresolved,"the drawn line does not cross Bryan, OK"
gulf_south,23074,Rayburn Energy Station,END,D,Grayson,TX,Rayburn Energy Station LLC,229614,unresolved,"the drawn line does not cross Grayson, TX"
gulf_south,23160,Enterprise Texas Pipeline Rec,INT,R,Grayson,TX,Enterprise Texas Pipeline LLC,25000,unresolved,"the drawn line does not cross Grayson, TX"
gulf_south,24421,Bennington (From Midship),INT,R,Bryan,OK,"Midship Pipeline Company, LLC",1027000,unresolved,"the drawn line does not cross Bryan, OK"
gulf_south,24471,Butane Injection Stratton Ridge,LNG,R,Brazoria,TX,"Boardwalk Louisiana Midstream, LLC",7762,unresolved,"the drawn line does not cross Brazoria, TX"
gulf_south,24583,Kinder Morgan North Texas Lamar County,INT,D,Lamar,TX,Kinder Morgan North Texas Pipeline LLC,439000,unresolved,"the drawn line does not cross Lamar, TX"
